map	tournament	width	height	area	origin	seed	declared_sym	sym_all	sym_terrain	sym_walls_only	sym_clouds	sym_currents_geometric	sym_currents_opposite	sym_wells	sym_islands	sym_hqs	builder_getSymmetry	builder_getSymmetry_no_islands	builder_assertIsValid	server_validator	hq_A	hq_B	hq_ids_exec_order	wells_AD	wells_MN	wells_EX	wells_cap_per_type	islands	island_area_total	island_min	island_max	island_id_min	island_id_max	island_ids_1_to_N	islands_4conn	pct_impassable	pct_cloud	pct_current	hq_on_island	well_on_island	cloud_on_island	current_on_island	well_on_cloud	hqAB_min_dist2	hqAB_min_cheb	hqAB_path_steps	worst_hq_nearest_AD_dist2	worst_hq_nearest_MN_dist2	hqs_with_AD_in_vision34	hqs_with_MN_in_vision34	hq_on_edge	declared_sym_consistent	hq_on_cloud	currents_into_hq	currents_into_current	islands_needed_to_win	syms_left_ownHQs_A	syms_left_ownHQs_B	syms_left_round1_A	syms_left_round1_B	distinct_islands_touch_diag	min_spawn_tiles_per_hq	passable_tiles_reached_by_neither	passable_tiles_reached_by_one_team_only	unreachable_wells	unreachable_islands
AbsoluteW	US_QUALIFYING	40	40	1600	0,0	107	VERTICAL	VERT	VERT	VERT	VERT	VERT	NONE	VERT	VERT	VERT	NONE	NONE	FAIL:Headquarters, walls, clouds, currents, islands and resources must be symmetric	PASS	1	1	A2,B3	6	6	0	64	8	104	7	19	1	8	true	true	13.3	11.0	9.3	0	0	4	0	0	841	29	29	58	178	0/2	0/2	0	true	0	0	120	6	ROT+HORI+VERT	ROT+HORI+VERT	ROT+HORI+VERT	ROT+HORI+VERT	0	28	0	0	0	0
AllElements	DEFAULT	30	30	900	0,0	524	ROTATIONAL	ROT	ROT	ROT	ROT	ROT	ROT	ROT	ROT	ROT	NONE	ROT	FAIL:Headquarters, walls, clouds, currents, islands and resources must be symmetric	PASS	2	2	B2,A3,B4,A5	6	6	0	36	6	36	2	8	1	6	true	true	4.4	2.4	2.9	0	0	0	0	0	436	19	19	29	90	4/4	2/4	0	true	0	0	24	5	ROT+HORI+VERT	ROT+HORI+VERT	ROT+HORI	ROT+HORI	0	27	0	0	0	0
ArtistRendition	SPRINT_1	40	40	1600	0,0	695	ROTATIONAL	ROT	ROT	ROT	ROT+HORI+VERT	ROT	ROT	ROT	ROT	ROT	NONE	ROT	FAIL:Headquarters, walls, clouds, currents, islands and resources must be symmetric	PASS	2	2	A2,B3,A4,B5	6	8	0	64	4	56	13	15	1	4	true	true	9.0	0.0	7.0	0	0	0	0	0	900	29	30	100	50	2/4	2/4	0	true	0	0	30	3	ROT+HORI+VERT	ROT+HORI+VERT	ROT+HORI	ROT+HORI	0	24	0	0	0	0
Barcode	INTL_QUALIFYING	20	20	400	0,0	95	ROTATIONAL	ROT	ROT	ROT	ROT	ROT+HORI+VERT	ROT+VERT	ROT	ROT	ROT	NONE	ROT	FAIL:Headquarters, walls, clouds, currents, islands and resources must be symmetric	PASS	2	2	B2,A3,B8,A9	2	2	0	16	7	58	4	14	1	7	true	true	31.5	28.0	3.0	0	0	0	4	4	226	13	15	36	37	2/4	2/4	0	true	4	0	4	6	ROT+HORI+VERT	ROT+HORI+VERT	ROT+HORI	ROT+HORI	0	8	0	0	0	0
BatSignal	SPRINT_1	60	20	1200	0,0	988	VERTICAL	VERT	VERT	VERT	VERT	VERT	NONE	VERT	VERT	VERT	NONE	NONE	FAIL:Headquarters, walls, clouds, currents, islands and resources must be symmetric	PASS	1	1	A2,B3	4	4	0	48	4	50	6	18	1	4	true	true	19.5	1.3	6.2	0	0	0	0	0	2809	53	53	34	50	2/2	0/2	0	true	0	0	52	3	ROT+HORI+VERT	ROT+HORI+VERT	ROT+VERT	ROT+VERT	0	27	86	0	0	0
BattleSuns	SPRINT_2	50	50	2500	0,0	327	ROTATIONAL	ROT	ROT	ROT	ROT	ROT+HORI+VERT	ROT+HORI+VERT	ROT	ROT	ROT	NONE	ROT	FAIL:Headquarters, walls, clouds, currents, islands and resources must be symmetric	PASS	2	2	B4,A5,B6,A7	10	12	0	100	8	40	3	9	1	8	true	true	43.8	18.3	0.0	0	0	16	0	8	1525	39	39	100	197	0/4	0/4	0	true	0	0	0	6	ROT+HORI+VERT	ROT+HORI+VERT	ROT+HORI	ROT+HORI	0	11	0	0	0	0
BowAndArrow	SPRINT_1	35	25	875	0,0	355	HORIZONTAL	HORI	HORI	HORI	HORI	HORI	NONE	HORI	HORI	HORI	NONE	NONE	FAIL:Headquarters, walls, clouds, currents, islands and resources must be symmetric	PASS	2	2	B2,A3,A4,B5	3	4	0	35	4	60	14	16	1	4	true	true	2.1	4.6	8.8	0	0	0	0	0	4	2	2	20	109	4/4	2/4	0	true	0	2	64	3	ROT+HORI+VERT	ROT+HORI+VERT	HORI	HORI	0	27	0	0	0	0
Buggy	US_QUALIFYING	50	40	2000	0,0	769	HORIZONTAL	HORI	HORI	HORI	HORI	HORI	NONE	HORI	HORI	HORI	NONE	NONE	FAIL:Headquarters, walls, clouds, currents, islands and resources must be symmetric	PASS	2	2	B2,A3,B4,A5	6	6	0	80	8	110	12	16	1	8	true	true	8.8	14.2	4.2	0	0	0	0	0	529	23	35	50	125	2/4	2/4	0	true	0	0	74	6	ROT+HORI+VERT	ROT+HORI+VERT	ROT+HORI	ROT+HORI	0	15	0	0	0	0
BuildSite	HS_NEWBIE	50	50	2500	0,0	504	ROTATIONAL	ROT	ROT+HORI+VERT	ROT+HORI+VERT	ROT+HORI+VERT	ROT+HORI+VERT	ROT+HORI+VERT	ROT	ROT+HORI+VERT	ROT+VERT	NONE	ROT	FAIL:Headquarters, walls, clouds, currents, islands and resources must be symmetric	PASS	2	2	A6,B7,A12,B13	6	6	0	100	8	140	15	20	1	8	true	true	71.2	3.0	0.0	0	0	0	0	0	1521	39	39	50	50	2/4	2/4	0	true	0	0	0	6	ROT+VERT	ROT+VERT	ROT+VERT	ROT+VERT	0	28	0	0	0	0
Cat	SPRINT_1	50	50	2500	0,0	845	VERTICAL	VERT	VERT	VERT	VERT	VERT	VERT	VERT	VERT	VERT	NONE	VERT	FAIL:Headquarters, walls, clouds, currents, islands and resources must be symmetric	PASS	2	2	B2,A3,B4,A5	4	2	0	100	6	24	2	6	1	6	true	true	16.6	0.8	0.6	0	0	0	0	0	441	21	21	34	130	4/4	0/4	0	true	0	0	12	5	ROT+HORI+VERT	ROT+HORI+VERT	ROT+VERT	ROT+VERT	0	28	814	0	0	0
Cave	US_QUALIFYING	30	20	600	0,0	891	ROTATIONAL	ROT	ROT	ROT	ROT	ROT	ROT	ROT	ROT	ROT	NONE	ROT	FAIL:Headquarters, walls, clouds, currents, islands and resources must be symmetric	PASS	2	2	A2,B3,A4,B5	4	4	0	24	8	104	7	18	1	8	true	true	22.0	5.7	8.0	0	0	0	0	0	425	19	25	65	52	2/4	2/4	2	true	0	0	36	6	ROT+HORI+VERT	ROT+HORI+VERT	ROT+VERT	ROT+VERT	0	13	0	0	0	0
Cee	US_QUALIFYING	40	30	1200	0,0	495	HORIZONTAL	HORI	HORI	HORI	HORI	HORI	NONE	HORI	HORI	HORI	NONE	NONE	FAIL:Headquarters, walls, clouds, currents, islands and resources must be symmetric	PASS	2	2	A2,B3,A4,B5	6	6	0	48	8	118	11	20	1	8	true	true	26.0	11.5	2.5	0	0	0	0	2	361	19	25	37	61	2/4	2/4	0	true	0	0	8	6	ROT+HORI+VERT	ROT+HORI+VERT	ROT+HORI	ROT+HORI	0	13	0	0	0	0
Checkmate2	SPRINT_2	21	21	441	0,0	955	ROTATIONAL	ROT	ROT	ROT+HORI+VERT	ROT+HORI+VERT	ROT	ROT	ROT+HORI+VERT	ROT+HORI+VERT	ROT+HORI	NONE	ROT	FAIL:Headquarters, walls, clouds, currents, islands and resources must be symmetric	PASS	2	2	A4,B5,A6,B7	2	4	0	17	8	72	9	9	1	8	true	true	18.4	49.0	15.4	0	0	0	0	6	324	18	18	36	36	0/4	0/4	0	true	4	0	20	6	ROT+HORI	ROT+HORI	ROT+HORI	ROT+HORI	0	10	0	0	0	0
Clown	SPRINT_1	21	20	420	0,0	433	VERTICAL	VERT	VERT	VERT	VERT	VERT	NONE	VERT	VERT	VERT	NONE	NONE	FAIL:Headquarters, walls, clouds, currents, islands and resources must be symmetric	PASS	2	2	B2,A3,B8,A9	4	3	0	16	4	31	4	17	1	4	true	true	15.0	2.9	7.1	0	0	0	0	0	36	6	6	18	45	4/4	2/4	0	true	0	0	28	3	ROT+HORI+VERT	ROT+HORI+VERT	VERT	VERT	0	13	0	0	0	0
Contraction	INTL_QUALIFYING	60	60	3600	0,0	585	HORIZONTAL	HORI	HORI	HORI	HORI	HORI	NONE	HORI	HORI	HORI	NONE	NONE	FAIL:Headquarters, walls, clouds, currents, islands and resources must be symmetric	PASS	2	2	B2,A3,B4,A5	6	6	0	144	8	84	6	13	1	8	true	true	36.8	13.9	3.4	0	0	0	0	0	2809	53	53	82	178	0/4	0/4	0	true	2	0	76	6	ROT+HORI+VERT	ROT+HORI+VERT	ROT+HORI	ROT+HORI	0	11	0	0	0	0
Cornucopia	SPRINT_2	59	59	3481	0,0	272	ROTATIONAL	ROT+HORI	ROT+HORI+VERT	ROT+HORI+VERT	ROT+HORI+VERT	ROT+HORI+VERT	ROT	ROT+HORI+VERT	ROT+HORI+VERT	ROT+HORI	NONE	ROT	FAIL:Headquarters, walls, clouds, currents, islands and resources must be symmetric	PASS	3	3	B2,A3,A4,B5,B6,A7	6	6	0	139	9	110	8	20	1	9	true	true	1.1	1.5	2.1	0	0	0	24	0	482	19	19	65	298	0/6	0/6	0	true	0	0	62	7	ROT+HORI	ROT+HORI	ROT+HORI	ROT+HORI	0	28	0	0	0	0
Crossword	SPRINT_2	45	45	2025	0,0	389	ROTATIONAL	ROT	ROT	ROT	ROT	ROT	ROT	ROT	ROT	ROT	NONE	ROT	FAIL:Headquarters, walls, clouds, currents, islands and resources must be symmetric	PASS	2	2	A2,B3,A6,B7	6	6	0	81	4	46	11	12	1	4	true	true	57.6	5.3	2.3	0	0	0	0	4	2384	36	51	100	100	0/4	0/4	0	true	0	0	30	3	ROT+HORI+VERT	ROT+HORI+VERT	ROT+HORI+VERT	ROT+HORI+VERT	0	12	0	0	0	0
CrownJewels	HS_NEWBIE	30	30	900	0,0	706	VERTICAL	VERT	VERT	VERT	VERT	ROT+HORI+VERT	ROT+HORI+VERT	VERT	VERT	VERT	NONE	VERT	FAIL:Headquarters, walls, clouds, currents, islands and resources must be symmetric	PASS	1	1	B2,A3	4	2	0	36	4	46	11	12	1	4	true	true	14.0	15.6	0.0	0	0	6	0	0	729	27	27	10	80	2/2	0/2	0	true	0	0	0	3	ROT+HORI+VERT	ROT+HORI+VERT	ROT+VERT	ROT+VERT	0	22	0	0	0	0
Cube	SPRINT_2	30	30	900	0,0	804	VERTICAL	VERT	VERT	VERT	ROT+HORI+VERT	VERT	NONE	VERT	VERT	ROT+VERT	NONE	NONE	FAIL:Headquarters, walls, clouds, currents, islands and resources must be symmetric	PASS	2	2	A2,B3,A4,B5	8	4	0	36	8	16	2	2	1	8	true	true	13.1	0.0	1.8	0	0	0	0	0	625	25	25	20	125	4/4	0/4	0	true	0	0	8	6	ROT+VERT	ROT+VERT	ROT+VERT	ROT+VERT	0	26	0	0	0	0
DefaultMap	DEFAULT	32	32	1024	0,0	386	ROTATIONAL	ROT	ROT	ROT	ROT	ROT	ROT	ROT	ROT	ROT	NONE	ROT	FAIL:Headquarters, walls, clouds, currents, islands and resources must be symmetric	PASS	3	3	B2,A3,B4,A5,B6,A7	4	4	0	40	6	40	4	10	1	6	true	true	2.7	4.1	3.1	0	0	0	0	0	149	10	10	100	50	2/6	2/6	0	true	0	0	28	5	ROT+HORI+VERT	ROT+HORI+VERT	ROT	ROT	0	27	0	0	0	0
Diagonal	SPRINT_1	40	40	1600	0,0	973	ROTATIONAL	ROT	ROT	ROT	ROT	ROT	ROT	ROT	ROT	ROT	NONE	ROT	FAIL:Headquarters, walls, clouds, currents, islands and resources must be symmetric	PASS	1	1	A2,B3	4	4	0	64	4	50	11	14	1	4	true	true	4.3	1.3	4.6	0	0	0	0	0	1922	31	32	25	164	2/2	0/2	0	true	0	0	66	3	ROT+HORI+VERT	ROT+HORI+VERT	ROT+HORI+VERT	ROT+HORI+VERT	0	28	0	0	0	0
Divergence	SPRINT_2	40	20	800	0,0	497	VERTICAL	VERT	VERT	VERT	VERT	VERT	NONE	VERT	VERT	VERT	NONE	NONE	FAIL:Headquarters, walls, clouds, currents, islands and resources must be symmetric	PASS	1	1	A2,B3	4	4	0	32	4	36	9	9	1	4	true	true	30.3	7.0	9.3	0	0	0	0	0	1089	33	33	41	185	0/2	0/2	0	true	0	0	54	3	ROT+HORI+VERT	ROT+HORI+VERT	ROT+VERT	ROT+VERT	0	22	0	0	0	0
Dreamy	DEFAULT	30	30	900	0,0	342	ROTATIONAL	ROT	ROT	ROT	ROT	ROT	ROT	ROT	ROT	ROT	NONE	ROT	FAIL:Headquarters, walls, clouds, currents, islands and resources must be symmetric	PASS	2	2	B2,A3,B4,A5	4	4	0	36	5	24	4	8	1	5	true	true	19.8	11.6	2.2	0	0	0	0	4	482	19	19	50	50	0/4	0/4	0	true	0	0	18	4	ROT+HORI+VERT	ROT+HORI+VERT	ROT+HORI+VERT	ROT+HORI+VERT	0	13	0	0	0	0
Elephant	HS_NEWBIE	40	30	1200	0,0	8	ROTATIONAL	ROT	ROT	ROT	ROT	ROT	ROT	ROT	ROT	ROT	NONE	ROT	FAIL:Headquarters, walls, clouds, currents, islands and resources must be symmetric	PASS	2	2	A2,B3,B4,A5	4	4	0	48	4	62	15	16	1	4	true	true	22.0	20.7	5.8	0	0	0	0	0	1530	35	37	85	128	0/4	0/4	2	true	0	0	66	3	ROT+HORI+VERT	ROT+HORI+VERT	ROT+VERT	ROT+VERT	0	10	0	0	0	0
ExtremelyMid	HS_NEWBIE	40	29	1160	0,0	425	HORIZONTAL	HORI	HORI	HORI	HORI	HORI	NONE	HORI	HORI	HORI	NONE	NONE	FAIL:Headquarters, walls, clouds, currents, islands and resources must be symmetric	PASS	2	2	A2,B3,A4,B5	6	5	0	46	8	112	12	16	1	8	true	true	9.3	12.6	10.4	0	0	0	32	0	400	20	22	41	49	2/4	2/4	0	true	0	0	86	6	ROT+HORI+VERT	ROT+HORI+VERT	HORI+VERT	HORI+VERT	0	21	0	0	0	0
Eyelands	SPRINT_1	50	30	1500	0,0	451	VERTICAL	VERT	VERT	VERT	ROT+HORI+VERT	VERT	NONE	VERT	ROT+HORI+VERT	HORI+VERT	NONE	NONE	FAIL:Headquarters, walls, clouds, currents, islands and resources must be symmetric	PASS	2	2	A2,B3,A4,B5	8	6	0	60	4	76	18	20	1	4	true	true	10.3	0.5	5.5	0	0	0	0	0	361	19	19	9	8	4/4	4/4	0	true	0	0	52	3	HORI+VERT	HORI+VERT	HORI+VERT	HORI+VERT	0	27	0	0	0	0
FishCake	HS_NEWBIE	37	20	740	0,0	391	ROTATIONAL	ROT	ROT	ROT	ROT	ROT	ROT	ROT	ROT	ROT	NONE	ROT	FAIL:Headquarters, walls, clouds, currents, islands and resources must be symmetric	PASS	1	1	A2,B3	2	2	0	29	4	66	16	17	1	4	true	true	14.1	24.9	3.5	0	0	6	0	0	577	24	27	29	29	2/2	2/2	0	true	0	0	24	3	ROT+HORI+VERT	ROT+HORI+VERT	ROT+VERT	ROT+VERT	0	20	0	0	0	0
Flower	INTL_QUALIFYING	35	35	1225	0,0	193	ROTATIONAL	ROT	ROT	ROT+HORI+VERT	ROT	ROT	ROT	ROT	ROT+HORI+VERT	ROT	NONE	ROT	FAIL:Headquarters, walls, clouds, currents, islands and resources must be symmetric	PASS	2	2	B2,A3,B4,A5	4	6	0	49	4	30	6	9	1	4	true	true	1.8	20.7	3.9	0	0	0	0	2	850	28	28	50	65	0/4	0/4	0	true	4	0	44	3	ROT+HORI+VERT	ROT+HORI+VERT	ROT+HORI+VERT	ROT+HORI+VERT	4	12	0	0	0	0
Forest	DEFAULT	60	60	3600	0,0	781	VERTICAL	VERT	VERT	VERT	VERT	VERT	NONE	VERT	VERT	VERT	NONE	NONE	FAIL:Headquarters, walls, clouds, currents, islands and resources must be symmetric	PASS	4	4	B2,A3,B4,A5,B6,A7,B8,A9	6	4	0	144	7	128	16	20	1	7	true	true	5.8	27.1	3.3	0	0	0	0	6	1369	37	37	100	328	0/8	0/8	2	true	0	0	90	6	ROT+HORI+VERT	ROT+HORI+VERT	ROT+VERT	ROT+VERT	0	9	0	0	0	0
FourNations	SPRINT_2	45	45	2025	0,0	794	ROTATIONAL	VERT	ROT+HORI+VERT	ROT+HORI+VERT	ROT+HORI+VERT	ROT+HORI+VERT	ROT	VERT	ROT+HORI+VERT	ROT+VERT	NONE	NONE	FAIL:Headquarters, walls, clouds, currents, islands and resources must be symmetric	PASS	2	2	B2,A3,A4,B5	4	4	0	81	5	53	10	13	1	5	true	true	4.3	7.9	13.4	0	0	0	0	0	1444	38	38	25	25	4/4	4/4	0	false	0	0	232	4	ROT+VERT	ROT+VERT	ROT+VERT	ROT+VERT	0	27	0	0	0	0
Fractured	HS_NEWBIE	60	60	3600	0,0	963	ROTATIONAL	ROT	ROT	ROT	ROT	ROT	ROT	ROT	ROT	ROT	NONE	ROT	FAIL:Headquarters, walls, clouds, currents, islands and resources must be symmetric	PASS	4	4	B2,A3,B10,A11,B16,A17,B18,A19	8	8	0	144	4	76	18	20	1	4	true	true	47.8	11.2	0.7	0	0	12	0	0	74	7	27	81	328	0/8	0/8	0	true	0	0	4	3	ROT+HORI+VERT	ROT+HORI+VERT	ROT	ROT	0	12	0	0	0	0
Frog	SPRINT_1	39	39	1521	0,0	6	VERTICAL	VERT	VERT	VERT	VERT	VERT	VERT	VERT	VERT	VERT	NONE	VERT	FAIL:Headquarters, walls, clouds, currents, islands and resources must be symmetric	PASS	2	2	A2,B3,A4,B5	4	3	0	60	4	30	3	16	1	4	true	true	17.1	2.4	2.4	0	0	0	0	0	324	18	18	37	101	2/4	0/4	0	true	0	0	26	3	ROT+HORI+VERT	ROT+HORI+VERT	ROT+VERT	ROT+VERT	0	26	10	0	0	0
Grapes	INTL_QUALIFYING	30	30	900	0,0	251	VERTICAL	VERT	VERT	VERT	VERT	VERT	NONE	VERT	VERT	VERT	NONE	NONE	FAIL:Headquarters, walls, clouds, currents, islands and resources must be symmetric	PASS	2	2	B2,A3,B4,A5	4	2	0	36	8	70	4	12	1	8	true	true	10.2	15.3	0.2	0	0	12	0	4	225	15	15	64	128	2/4	2/4	0	true	0	0	0	6	ROT+HORI+VERT	ROT+HORI+VERT	ROT+VERT	ROT+VERT	0	19	0	0	0	0
Grievance	SPRINT_1	60	60	3600	0,0	336	ROTATIONAL	ROT	ROT	ROT	ROT+HORI+VERT	ROT	ROT	ROT	ROT	ROT+VERT	NONE	ROT	FAIL:Headquarters, walls, clouds, currents, islands and resources must be symmetric	PASS	2	2	B2,A3,B4,A5	12	12	0	144	5	90	16	20	1	5	true	true	7.9	0.0	4.2	0	0	0	0	0	3481	59	59	34	74	4/4	0/4	4	true	0	0	40	4	ROT+VERT	ROT+VERT	ROT+VERT	ROT+VERT	0	10	0	0	0	0
Hah	SPRINT_1	50	25	1250	0,0	542	VERTICAL	VERT	VERT	VERT	VERT	VERT	VERT	VERT	VERT	VERT	NONE	VERT	FAIL:Headquarters, walls, clouds, currents, islands and resources must be symmetric	PASS	2	2	A2,B3,A6,B7	4	4	0	50	4	48	7	17	1	4	true	true	1.1	7.4	4.6	0	0	0	0	0	841	29	29	65	149	2/4	2/4	0	true	0	0	22	3	ROT+HORI+VERT	ROT+HORI+VERT	ROT+VERT	ROT+VERT	0	24	0	0	0	0
Heart	US_QUALIFYING	50	30	1500	0,0	945	VERTICAL	VERT	VERT	VERT	VERT	VERT	NONE	VERT	VERT	VERT	NONE	NONE	FAIL:Headquarters, walls, clouds, currents, islands and resources must be symmetric	PASS	2	2	B2,A3,B4,A5	6	6	0	60	8	118	10	17	1	8	true	true	5.9	24.1	7.9	0	0	8	0	2	841	29	31	53	100	0/4	0/4	0	true	0	0	74	6	ROT+HORI+VERT	ROT+HORI+VERT	ROT+VERT	ROT+VERT	0	17	0	0	0	0
HideAndSeek	SPRINT_2	37	31	1147	0,0	575	ROTATIONAL	ROT	ROT	ROT	ROT	ROT	ROT	ROT	ROT	ROT	NONE	ROT	FAIL:Headquarters, walls, clouds, currents, islands and resources must be symmetric	PASS	2	2	A4,B5,A6,B7	4	4	0	45	16	70	1	9	1	16	true	true	5.9	10.7	6.8	0	0	0	0	0	980	28	28	29	160	4/4	0/4	0	true	2	0	26	12	ROT+HORI+VERT	ROT+HORI+VERT	ROT+HORI+VERT	ROT+HORI+VERT	0	11	0	0	0	0
HotAirBalloon	US_QUALIFYING	40	30	1200	0,0	49	ROTATIONAL	ROT	ROT	ROT	ROT	ROT	ROT	ROT	ROT	ROT	NONE	ROT	FAIL:Headquarters, walls, clouds, currents, islands and resources must be symmetric	PASS	2	2	B2,A3,B4,A5	4	4	0	48	8	102	10	15	1	8	true	true	10.2	24.3	4.0	0	0	0	0	0	1154	25	35	36	40	2/4	0/4	0	true	0	0	26	6	ROT+HORI+VERT	ROT+HORI+VERT	ROT+HORI+VERT	ROT+HORI+VERT	0	13	0	0	0	0
IslandHopping	INTL_QUALIFYING	60	30	1800	0,0	210	VERTICAL	VERT	VERT	VERT	VERT	VERT	NONE	VERT	VERT	VERT	NONE	NONE	FAIL:Headquarters, walls, clouds, currents, islands and resources must be symmetric	PASS	2	2	B2,A3,B4,A5	4	4	0	72	8	124	13	18	1	8	true	true	6.2	1.3	3.9	0	0	0	4	2	841	29	29	100	164	0/4	0/4	0	true	0	0	58	6	ROT+HORI+VERT	ROT+HORI+VERT	ROT+VERT	ROT+VERT	0	28	0	0	0	0
IslandHoppingTwo	US_QUALIFYING	59	55	3245	0,0	705	ROTATIONAL	ROT	ROT	ROT	ROT	ROT	ROT	ROT	ROT	ROT	NONE	ROT	FAIL:Headquarters, walls, clouds, currents, islands and resources must be symmetric	PASS	2	2	B2,A3,B4,A5	8	12	0	129	12	204	11	20	1	12	true	true	58.9	2.8	1.2	0	0	0	0	0	1780	42	62	100	13	2/4	4/4	0	true	0	0	0	9	ROT+HORI+VERT	ROT+HORI+VERT	ROT+VERT	ROT+VERT	0	28	0	0	0	0
Jail	SPRINT_1	20	30	600	0,0	249	VERTICAL	VERT	VERT	VERT	ROT+HORI+VERT	VERT	NONE	VERT	VERT	VERT	NONE	NONE	FAIL:Headquarters, walls, clouds, currents, islands and resources must be symmetric	PASS	1	1	B2,A3	4	4	0	24	4	38	9	10	1	4	true	true	9.3	0.0	10.7	0	0	0	0	0	81	9	13	25	25	2/2	2/2	0	true	0	0	54	3	ROT+HORI+VERT	ROT+HORI+VERT	VERT	VERT	0	17	8	4	0	0
KingdomRush	SPRINT_1	45	24	1080	0,0	378	ROTATIONAL	ROT	ROT	ROT	ROT	ROT	ROT	ROT	ROT	ROT+VERT	NONE	ROT	FAIL:Headquarters, walls, clouds, currents, islands and resources must be symmetric	PASS	2	2	A2,B3,A4,B5	6	6	0	43	4	48	10	14	1	4	true	true	10.0	1.9	2.2	0	0	0	0	0	1296	36	36	10	13	4/4	4/4	0	true	0	0	6	3	ROT+VERT	ROT+VERT	ROT+VERT	ROT+VERT	0	26	0	0	0	0
Lantern	SPRINT_2	20	20	400	0,0	899	VERTICAL	VERT	VERT	VERT	VERT	VERT	NONE	VERT	VERT	VERT	NONE	NONE	FAIL:Headquarters, walls, clouds, currents, islands and resources must be symmetric	PASS	1	1	A10,B11	2	2	0	16	4	24	3	9	1	4	true	true	11.5	12.5	3.0	0	0	0	0	0	289	17	17	17	137	2/2	0/2	0	true	0	0	0	3	ROT+HORI+VERT	ROT+HORI+VERT	ROT+HORI+VERT	ROT+HORI+VERT	0	22	0	0	0	0
LightWork	US_QUALIFYING	30	30	900	0,0	493	VERTICAL	VERT	VERT	VERT	VERT	VERT	NONE	VERT	VERT	VERT	NONE	NONE	FAIL:Headquarters, walls, clouds, currents, islands and resources must be symmetric	PASS	2	2	B2,A3,B4,A5	4	4	0	36	8	44	3	12	1	8	true	true	15.1	4.2	12.7	0	0	8	0	0	81	9	17	80	97	0/4	0/4	0	true	0	0	106	6	ROT+HORI+VERT	ROT+HORI+VERT	ROT+HORI+VERT	ROT+HORI+VERT	0	18	0	0	0	0
Lines	SPRINT_2	40	40	1600	0,0	72	VERTICAL	VERT	VERT	VERT	ROT+HORI+VERT	VERT	VERT	VERT	VERT	VERT	NONE	VERT	FAIL:Headquarters, walls, clouds, currents, islands and resources must be symmetric	PASS	2	2	A2,B3,A4,B5	4	2	0	64	4	58	10	20	1	4	true	true	19.1	19.3	1.4	0	0	58	0	0	1225	35	37	90	292	0/4	0/4	0	true	0	0	0	3	ROT+HORI+VERT	ROT+HORI+VERT	ROT+HORI+VERT	ROT+HORI+VERT	0	21	0	0	0	0
LookingGlass	HS_NEWBIE	45	30	1350	0,0	442	VERTICAL	VERT	VERT	VERT	VERT	VERT	NONE	VERT	VERT	VERT	NONE	NONE	FAIL:Headquarters, walls, clouds, currents, islands and resources must be symmetric	PASS	3	3	B2,A3,B4,A5,B6,A7	6	8	0	54	8	90	5	16	1	8	true	true	15.9	7.1	4.7	0	0	0	0	0	144	12	36	100	18	2/6	6/6	0	true	0	0	16	6	ROT+HORI+VERT	ROT+HORI+VERT	ROT+VERT	ROT+VERT	0	26	33	0	0	0
Marsh	INTL_QUALIFYING	60	50	3000	0,0	477	ROTATIONAL	ROT	ROT	ROT	ROT	ROT+HORI+VERT	ROT+HORI+VERT	ROT	ROT	ROT	NONE	ROT	FAIL:Headquarters, walls, clouds, currents, islands and resources must be symmetric	PASS	1	1	B2,A3	8	8	0	120	10	118	9	14	1	10	true	true	28.0	40.6	0.0	0	0	84	0	0	1450	37	37	17	16	2/2	2/2	0	true	2	0	0	8	ROT+HORI+VERT	ROT+HORI+VERT	ROT+HORI+VERT	ROT+HORI+VERT	0	12	14	0	0	0
MassiveL	US_QUALIFYING	40	40	1600	0,0	287	ROTATIONAL	ROT	ROT	ROT	ROT	ROT	ROT	ROT	ROT	ROT	NONE	ROT	FAIL:Headquarters, walls, clouds, currents, islands and resources must be symmetric	PASS	2	2	A2,B3,A4,B5	6	6	0	64	12	132	7	18	1	12	true	true	17.6	10.5	2.3	0	0	0	0	4	909	29	30	41	50	2/4	2/4	0	true	0	0	30	9	ROT+HORI+VERT	ROT+HORI+VERT	ROT+VERT	ROT+VERT	0	23	0	0	0	0
Maze	SPRINT_2	50	50	2500	0,0	77	ROTATIONAL	ROT	ROT	ROT	ROT+HORI+VERT	ROT	ROT	ROT	ROT	ROT	NONE	ROT	FAIL:Headquarters, walls, clouds, currents, islands and resources must be symmetric	PASS	3	3	A2,B3,A4,B5,A6,B7	8	10	0	100	8	64	5	12	1	8	true	true	29.4	0.0	3.8	0	0	0	0	0	98	7	13	29	98	6/6	0/6	0	true	0	0	74	6	ROT+HORI+VERT	ROT+HORI+VERT	ROT	ROT	0	24	0	0	0	0
Minefield	SPRINT_1	60	20	1200	0,0	800	HORIZONTAL	HORI	HORI	HORI	HORI	HORI	NONE	HORI	HORI	HORI	NONE	NONE	FAIL:Headquarters, walls, clouds, currents, islands and resources must be symmetric	PASS	1	1	A2,B3	2	2	0	48	9	72	6	16	1	9	true	true	15.8	19.0	5.7	0	0	0	0	0	121	11	13	17	16	2/2	2/2	0	true	0	0	62	7	ROT+HORI+VERT	ROT+HORI+VERT	ROT+HORI+VERT	ROT+HORI+VERT	0	25	0	0	0	0
MoonPhases	HS_NEWBIE	27	25	675	0,0	736	ROTATIONAL	ROT	ROT+HORI+VERT	ROT+HORI+VERT	ROT+HORI+VERT	ROT+HORI+VERT	ROT+VERT	ROT+HORI+VERT	ROT	ROT+VERT	NONE	ROT+VERT	FAIL:Headquarters, walls, clouds, currents, islands and resources must be symmetric	PASS	2	2	A2,B3,A4,B5	2	4	0	27	8	86	9	13	1	8	true	true	10.7	5.3	1.2	0	0	0	0	0	576	24	24	81	25	0/4	4/4	0	true	0	0	0	6	ROT+VERT	ROT+VERT	ROT+VERT	ROT+VERT	0	22	0	0	0	0
Movepls	SPRINT_1	45	30	1350	0,0	961	ROTATIONAL	ROT	ROT	ROT	ROT	ROT	ROT	ROT	ROT	ROT	NONE	ROT	FAIL:Headquarters, walls, clouds, currents, islands and resources must be symmetric	PASS	2	2	B2,A3,B4,A5	4	4	0	54	4	30	7	8	1	4	true	true	8.1	1.9	7.0	0	0	0	0	0	298	16	17	36	128	2/4	0/4	0	true	0	0	86	3	ROT+HORI+VERT	ROT+HORI+VERT	ROT+HORI	ROT+HORI	0	23	0	0	0	0
Orbit	SPRINT_1	25	25	625	0,0	695	ROTATIONAL	ROT	ROT	ROT+HORI+VERT	ROT+HORI+VERT	ROT	ROT	ROT+HORI+VERT	ROT+HORI+VERT	ROT+VERT	NONE	ROT	FAIL:Headquarters, walls, clouds, currents, islands and resources must be symmetric	PASS	2	2	B2,A3,B4,A5	4	2	0	25	8	50	4	9	1	8	true	true	14.2	0.0	4.2	0	0	0	0	0	256	16	16	18	73	4/4	0/4	0	true	0	0	8	6	ROT+VERT	ROT+VERT	ROT+VERT	ROT+VERT	0	22	0	0	0	0
PairedProgramming	DEFAULT	45	20	900	0,0	19	VERTICAL	VERT	VERT	VERT	VERT	VERT	NONE	VERT	VERT	VERT	NONE	NONE	FAIL:Headquarters, walls, clouds, currents, islands and resources must be symmetric	PASS	3	3	B2,A3,B4,A5,B6,A7	4	2	0	36	5	26	4	6	1	5	true	true	10.7	12.9	4.0	0	0	0	0	4	144	12	16	50	185	2/6	0/6	0	true	2	0	27	4	ROT+HORI+VERT	ROT+HORI+VERT	ROT+VERT	ROT+VERT	0	11	0	0	0	0
Pakbot	SPRINT_2	30	30	900	0,0	275	VERTICAL	VERT	VERT	VERT	VERT	VERT	VERT	VERT	VERT	VERT	NONE	VERT	FAIL:Headquarters, walls, clouds, currents, islands and resources must be symmetric	PASS	2	2	A2,B3,A4,B5	2	2	0	36	4	18	4	6	1	4	true	true	31.6	4.4	1.6	0	0	0	0	0	289	17	17	100	170	0/4	0/4	0	true	0	0	0	3	ROT+HORI+VERT	ROT+HORI+VERT	ROT+VERT	ROT+VERT	0	19	0	0	0	0
Pathfind	SPRINT_1	45	45	2025	0,0	544	ROTATIONAL	ROT	ROT	ROT	ROT	ROT	ROT	ROT	ROT	ROT	NONE	ROT	FAIL:Headquarters, walls, clouds, currents, islands and resources must be symmetric	PASS	2	2	B2,A3,B6,A7	4	4	0	81	4	48	9	15	1	4	true	true	13.5	2.1	8.7	0	0	0	0	0	68	8	36	17	34	4/4	4/4	0	true	0	0	156	3	ROT+HORI+VERT	ROT+HORI+VERT	ROT+VERT	ROT+VERT	0	24	0	0	0	0
Piglets	SPRINT_2	60	40	2400	0,0	381	VERTICAL	VERT	VERT	VERT	VERT	VERT	VERT	VERT	VERT	VERT	NONE	VERT	FAIL:Headquarters, walls, clouds, currents, islands and resources must be symmetric	PASS	2	2	B2,A3,B4,A5	4	4	0	96	8	40	4	6	1	8	true	true	15.3	0.9	0.9	0	0	0	0	0	1521	39	39	29	89	4/4	0/4	0	true	0	0	12	6	ROT+HORI+VERT	ROT+HORI+VERT	ROT+VERT	ROT+VERT	0	22	0	0	0	0
Pillars	HS_NEWBIE	35	21	735	0,0	327	VERTICAL	VERT	VERT	VERT	VERT	VERT	VERT	ROT+HORI+VERT	VERT	ROT+VERT	NONE	VERT	FAIL:Headquarters, walls, clouds, currents, islands and resources must be symmetric	PASS	2	2	B2,A3,B4,A5	2	2	0	29	4	76	18	20	1	4	true	true	32.7	16.7	2.2	0	0	18	0	0	1024	32	38	64	100	0/4	0/4	0	true	0	0	0	3	ROT+VERT	ROT+VERT	ROT+VERT	ROT+VERT	0	20	0	0	0	0
PipesAndParabolas	HS_NEWBIE	55	45	2475	0,0	442	HORIZONTAL	HORI	HORI	HORI	HORI	HORI	HORI	HORI	HORI	HORI	NONE	HORI	FAIL:Headquarters, walls, clouds, currents, islands and resources must be symmetric	PASS	2	2	A4,B5,A10,B11	6	7	0	99	8	149	17	20	1	8	true	true	21.2	13.4	1.5	0	0	5	0	1	400	20	20	53	144	0/4	0/4	0	true	0	0	24	6	ROT+HORI+VERT	ROT+HORI+VERT	HORI+VERT	HORI+VERT	0	23	70	108	0	0
Pit	SPRINT_1	60	30	1800	0,0	737	VERTICAL	VERT	VERT	VERT	VERT	VERT	NONE	VERT	VERT	VERT	NONE	NONE	FAIL:Headquarters, walls, clouds, currents, islands and resources must be symmetric	PASS	2	2	B2,A3,B4,A5	6	4	0	72	4	42	9	14	1	4	true	true	9.2	3.1	3.3	0	0	0	0	0	169	13	21	82	314	2/4	0/4	4	true	0	0	34	3	ROT+HORI+VERT	ROT+HORI+VERT	ROT+HORI+VERT	ROT+HORI+VERT	0	16	12	0	0	0
Pizza	SPRINT_1	30	30	900	0,0	278	VERTICAL	VERT	VERT	VERT	VERT	ROT+HORI+VERT	ROT+HORI+VERT	VERT	VERT	VERT	NONE	VERT	FAIL:Headquarters, walls, clouds, currents, islands and resources must be symmetric	PASS	2	2	A2,B3,A4,B5	2	4	0	36	4	12	2	4	1	4	true	true	7.6	2.2	0.0	0	0	0	0	0	361	19	19	61	145	2/4	2/4	0	true	0	0	0	3	ROT+HORI+VERT	ROT+HORI+VERT	ROT+VERT	ROT+VERT	0	22	0	0	0	0
Potions	US_QUALIFYING	40	30	1200	0,0	864	HORIZONTAL	HORI	HORI	HORI	HORI	HORI	HORI	HORI	HORI	HORI	NONE	HORI	FAIL:Headquarters, walls, clouds, currents, islands and resources must be symmetric	PASS	1	1	A2,B3	4	2	0	48	4	64	16	16	1	4	true	true	29.8	1.3	2.7	0	0	0	0	0	49	7	45	29	40	2/2	0/2	2	true	0	0	18	3	ROT+HORI+VERT	ROT+HORI+VERT	ROT+HORI+VERT	ROT+HORI+VERT	0	9	0	0	0	0
Quiet	SPRINT_1	20	20	400	0,0	706	ROTATIONAL	ROT	ROT	ROT	ROT	ROT	ROT	ROT	ROT	ROT	NONE	ROT	FAIL:Headquarters, walls, clouds, currents, islands and resources must be symmetric	PASS	1	1	A2,B3	4	2	0	16	4	8	2	2	1	4	true	true	11.5	3.5	5.0	0	0	0	0	0	338	13	13	8	45	2/2	0/2	0	true	0	0	12	3	ROT+HORI+VERT	ROT+HORI+VERT	ROT+HORI+VERT	ROT+HORI+VERT	0	22	0	0	0	0
RaceToTheTop	INTL_QUALIFYING	31	20	620	0,0	943	VERTICAL	VERT	VERT	VERT	VERT	VERT	NONE	VERT	VERT	VERT	NONE	NONE	FAIL:Headquarters, walls, clouds, currents, islands and resources must be symmetric	PASS	1	1	A2,B3	2	2	0	24	4	28	6	8	1	4	true	true	39.8	16.1	12.3	0	0	8	0	0	900	30	32	65	157	0/2	0/2	2	true	0	0	42	3	ROT+HORI+VERT	ROT+HORI+VERT	ROT+HORI+VERT	ROT+HORI+VERT	0	10	0	0	0	0
Rainbow	US_QUALIFYING	40	30	1200	0,0	473	VERTICAL	VERT	VERT	VERT	VERT	VERT	NONE	VERT	VERT	VERT	NONE	NONE	FAIL:Headquarters, walls, clouds, currents, islands and resources must be symmetric	PASS	2	2	B2,A3,B4,A5	4	4	0	48	20	112	4	6	1	20	true	true	22.3	13.0	3.0	0	0	0	0	6	625	25	35	50	100	0/4	0/4	2	true	2	0	12	15	ROT+HORI+VERT	ROT+HORI+VERT	ROT+VERT	ROT+VERT	0	10	34	0	0	0
Rectangle	SPRINT_1	50	30	1500	0,0	753	ROTATIONAL	ROT	ROT+HORI+VERT	ROT+HORI+VERT	ROT+HORI+VERT	ROT+HORI+VERT	ROT	ROT	ROT+HORI+VERT	ROT+VERT	NONE	ROT	FAIL:Headquarters, walls, clouds, currents, islands and resources must be symmetric	PASS	2	2	A2,B3,A4,B5	6	6	0	60	4	44	10	12	1	4	true	true	8.0	6.4	5.3	0	0	0	0	0	1521	39	39	32	32	4/4	4/4	0	true	0	0	72	3	ROT+VERT	ROT+VERT	ROT+VERT	ROT+VERT	0	27	0	0	0	0
Repetition	INTL_QUALIFYING	55	55	3025	0,0	30	HORIZONTAL	HORI	HORI	HORI	HORI	HORI	NONE	HORI	HORI	HORI	NONE	NONE	FAIL:Headquarters, walls, clouds, currents, islands and resources must be symmetric	PASS	4	4	A2,B3,B4,A5,B6,A7,A8,B9	16	16	0	121	8	92	10	13	1	8	true	true	24.3	12.0	2.1	0	0	0	0	16	36	6	30	64	64	0/8	0/8	8	true	2	0	0	6	HORI+VERT	HORI+VERT	HORI	HORI	0	5	0	0	0	0
Resign	US_QUALIFYING	30	20	600	0,0	475	VERTICAL	VERT	VERT	VERT	VERT	VERT	NONE	VERT	VERT	VERT	NONE	NONE	FAIL:Headquarters, walls, clouds, currents, islands and resources must be symmetric	PASS	2	2	B2,A3,B4,A5	4	4	0	24	4	58	12	17	1	4	true	true	16.0	14.7	5.3	0	0	0	0	4	225	15	15	34	68	4/4	0/4	0	true	0	0	16	3	ROT+HORI+VERT	ROT+HORI+VERT	HORI+VERT	HORI+VERT	0	21	0	0	0	0
ReverseFunnel	HS_NEWBIE	40	20	800	0,0	952	HORIZONTAL	HORI	HORI	HORI	HORI	HORI	NONE	HORI	HORI	HORI	NONE	NONE	FAIL:Headquarters, walls, clouds, currents, islands and resources must be symmetric	PASS	2	2	B2,A3,B4,A5	4	4	0	32	4	54	12	15	1	4	true	true	8.5	9.0	18.0	0	0	0	0	0	121	11	13	18	20	4/4	4/4	2	true	0	0	130	3	ROT+HORI+VERT	ROT+HORI+VERT	ROT+HORI+VERT	ROT+HORI+VERT	0	6	0	0	0	0
Rewind	DEFAULT	30	30	900	0,0	953	ROTATIONAL	ROT	ROT	ROT	ROT	ROT	ROT	ROT	ROT	ROT	NONE	ROT	FAIL:Headquarters, walls, clouds, currents, islands and resources must be symmetric	PASS	2	2	B2,A3,A4,B5	4	4	0	36	6	34	4	7	1	6	true	true	12.2	20.7	4.7	0	0	26	0	0	117	9	9	50	200	2/4	2/4	2	true	0	2	40	5	ROT+HORI+VERT	ROT+HORI+VERT	ROT+HORI+VERT	ROT+HORI+VERT	0	5	0	0	0	0
Risk	SPRINT_2	20	20	400	0,0	548	HORIZONTAL	HORI	HORI	HORI	HORI	HORI	NONE	HORI	HORI	HORI	NONE	NONE	FAIL:Headquarters, walls, clouds, currents, islands and resources must be symmetric	PASS	1	1	B2,A3	4	4	0	16	4	34	6	12	1	4	true	true	19.0	18.0	7.0	0	0	0	0	0	225	15	15	37	9	0/2	2/2	0	true	0	0	10	3	ROT+HORI+VERT	ROT+HORI+VERT	ROT+HORI+VERT	ROT+HORI+VERT	0	22	0	0	0	0
River	INTL_QUALIFYING	40	30	1200	0,0	334	ROTATIONAL	ROT	ROT	ROT	ROT	ROT	ROT	ROT	ROT	ROT	NONE	ROT	FAIL:Headquarters, walls, clouds, currents, islands and resources must be symmetric	PASS	3	3	B2,A3,B4,A5,B6,A7	4	4	0	48	4	16	4	4	1	4	true	true	10.7	28.2	7.7	0	0	0	0	8	61	6	15	45	202	4/6	0/6	2	true	6	0	22	3	ROT+HORI+VERT	ROT+HORI+VERT	ROT+HORI+VERT	ROT+HORI+VERT	0	7	0	0	0	0
RockWall	INTL_QUALIFYING	20	30	600	0,0	482	VERTICAL	VERT	VERT	VERT	VERT	VERT	NONE	VERT	VERT	VERT	NONE	NONE	FAIL:Headquarters, walls, clouds, currents, islands and resources must be symmetric	PASS	1	1	A2,B3	2	2	0	24	14	42	1	6	1	14	true	true	17.7	2.0	3.3	0	0	0	0	0	361	19	59	49	100	0/2	0/2	2	true	0	0	0	11	ROT+HORI+VERT	ROT+HORI+VERT	ROT+HORI+VERT	ROT+HORI+VERT	0	10	0	0	0	0
Sakura	INTL_QUALIFYING	45	45	2025	0,0	780	VERTICAL	VERT	VERT	VERT	VERT	VERT	NONE	VERT	VERT	ROT+VERT	NONE	NONE	FAIL:Headquarters, walls, clouds, currents, islands and resources must be symmetric	PASS	2	2	B2,A3,B4,A5	8	8	0	81	9	78	7	11	1	9	true	true	22.0	3.9	5.1	0	0	78	0	0	1296	36	36	53	65	0/4	0/4	0	true	0	0	41	7	ROT+VERT	ROT+VERT	ROT+VERT	ROT+VERT	0	24	32	0	0	0
Scatter	SPRINT_1	50	30	1500	0,0	841	ROTATIONAL	ROT	ROT	ROT	ROT	ROT	ROT	ROT	ROT	ROT	NONE	ROT	FAIL:Headquarters, walls, clouds, currents, islands and resources must be symmetric	PASS	2	2	B2,A3,B4,A5	6	4	0	60	8	70	5	15	1	8	true	true	8.0	1.5	2.4	0	0	0	0	0	157	11	12	9	61	4/4	0/4	0	true	0	0	26	6	ROT+HORI+VERT	ROT+HORI+VERT	ROT+VERT	ROT+VERT	0	26	0	0	0	0
Sine	SPRINT_2	40	20	800	0,0	965	ROTATIONAL	ROT	ROT	ROT	ROT	ROT	ROT	ROT	ROT	ROT	NONE	ROT	FAIL:Headquarters, walls, clouds, currents, islands and resources must be symmetric	PASS	2	2	B2,A3,B12,A13	4	4	0	32	6	38	4	8	1	6	true	true	9.0	4.3	2.8	0	0	0	0	0	34	5	12	37	68	2/4	2/4	0	true	0	0	18	5	ROT+HORI+VERT	ROT+HORI+VERT	ROT	ROT	0	18	0	0	0	0
SmallElements	DEFAULT	20	20	400	0,0	899	ROTATIONAL	ROT	ROT	ROT	ROT	ROT	ROT	ROT	ROT	ROT+HORI	NONE	ROT	FAIL:Headquarters, walls, clouds, currents, islands and resources must be symmetric	PASS	2	2	B2,A3,B4,A5	4	6	0	16	4	24	4	8	1	4	true	true	4.0	4.0	5.5	0	0	0	0	0	121	11	11	16	18	4/4	4/4	0	true	0	0	18	3	ROT+HORI	ROT+HORI	ROT+HORI	ROT+HORI	0	26	0	0	0	0
Sneaky	US_QUALIFYING	20	20	400	0,0	527	ROTATIONAL	ROT	ROT	ROT	ROT	ROT	ROT	ROT	ROT+HORI+VERT	ROT	NONE	ROT	FAIL:Headquarters, walls, clouds, currents, islands and resources must be symmetric	PASS	3	3	B4,A5,B6,A7,B8,A9	2	2	0	16	4	24	6	6	1	4	true	true	6.0	37.0	12.0	0	0	0	0	0	648	18	19	50	65	0/6	0/6	6	true	0	0	36	3	ROT+HORI+VERT	ROT+HORI+VERT	ROT+HORI+VERT	ROT+HORI+VERT	0	8	0	0	0	0
Snowflake	SPRINT_2	31	30	930	0,0	943	VERTICAL	VERT	VERT	VERT	VERT	VERT	NONE	VERT	VERT	VERT	NONE	NONE	FAIL:Headquarters, walls, clouds, currents, islands and resources must be symmetric	PASS	2	2	B2,A3,B4,A5	4	4	0	37	6	24	2	8	1	6	true	true	11.4	2.4	1.3	0	0	0	0	0	576	24	24	61	45	2/4	2/4	0	true	0	0	10	5	ROT+HORI+VERT	ROT+HORI+VERT	ROT+VERT	ROT+VERT	0	28	1	0	0	0
SomethingFishy	SPRINT_2	40	30	1200	0,0	504	VERTICAL	VERT	VERT	VERT	VERT	VERT	VERT	VERT	VERT	VERT	NONE	VERT	FAIL:Headquarters, walls, clouds, currents, islands and resources must be symmetric	PASS	1	1	B2,A3	2	2	0	48	5	52	4	20	1	5	true	true	20.8	1.7	0.8	0	0	0	0	0	961	31	31	13	26	2/2	2/2	0	true	0	0	2	4	ROT+HORI+VERT	ROT+HORI+VERT	ROT+VERT	ROT+VERT	0	23	0	0	0	0
SoundWave	INTL_QUALIFYING	40	30	1200	0,0	639	HORIZONTAL	HORI	HORI	HORI	HORI	HORI	NONE	HORI	HORI	HORI	NONE	NONE	FAIL:Headquarters, walls, clouds, currents, islands and resources must be symmetric	PASS	2	2	B2,A3,B4,A5	4	4	0	48	8	66	6	12	1	8	true	true	20.3	9.0	2.0	0	0	12	0	4	49	7	19	90	97	0/4	0/4	0	true	0	0	6	6	ROT+HORI+VERT	ROT+HORI+VERT	ROT+HORI	ROT+HORI	0	13	0	0	0	0
Spiderweb	HS_NEWBIE	45	45	2025	0,0	914	ROTATIONAL	ROT	ROT	ROT	ROT	ROT	ROT	ROT	ROT	ROT	NONE	ROT	FAIL:Headquarters, walls, clouds, currents, islands and resources must be symmetric	PASS	2	2	B4,A5,B12,A13	6	6	0	81	16	318	19	20	1	16	true	true	4.4	15.1	18.4	0	0	0	318	0	1396	36	36	100	116	0/4	0/4	0	true	0	0	238	12	ROT+HORI+VERT	ROT+HORI+VERT	ROT+HORI+VERT	ROT+HORI+VERT	16	28	134	0	0	0
Spin	SPRINT_2	20	20	400	0,0	182	ROTATIONAL	ROT	ROT	ROT	ROT	ROT	ROT	ROT	ROT	ROT	NONE	ROT	FAIL:Headquarters, walls, clouds, currents, islands and resources must be symmetric	PASS	1	1	B2,A3	2	2	0	16	4	20	5	5	1	4	true	true	4.5	54.5	12.5	0	0	0	0	0	394	15	17	98	85	0/2	0/2	0	true	0	0	48	3	ROT+HORI+VERT	ROT+HORI+VERT	ROT+HORI+VERT	ROT+HORI+VERT	0	13	0	0	0	0
Spiral	SPRINT_2	30	30	900	0,0	187	ROTATIONAL	ROT	ROT	ROT	ROT	ROT	ROT	ROT	ROT	ROT	NONE	ROT	FAIL:Headquarters, walls, clouds, currents, islands and resources must be symmetric	PASS	2	2	A2,B3,A4,B5	4	4	0	36	4	78	19	20	1	4	true	true	13.1	4.4	2.2	0	0	0	0	0	370	19	19	89	20	0/4	4/4	0	true	0	0	16	3	ROT+HORI+VERT	ROT+HORI+VERT	ROT+VERT	ROT+VERT	0	25	0	0	0	0
Spots	HS_NEWBIE	60	60	3600	0,0	461	HORIZONTAL	HORI	HORI	HORI	HORI	HORI	HORI	HORI	HORI	HORI	NONE	HORI	FAIL:Headquarters, walls, clouds, currents, islands and resources must be symmetric	PASS	2	2	A2,B3,A4,B5	8	8	0	144	8	142	16	20	1	8	true	true	14.7	17.2	4.9	0	0	0	0	4	2401	49	49	65	80	2/4	2/4	0	true	0	0	156	6	ROT+HORI+VERT	ROT+HORI+VERT	ROT+HORI	ROT+HORI	0	14	0	0	0	0
Squares	SPRINT_2	40	40	1600	0,0	388	ROTATIONAL	ROT	ROT	ROT+HORI+VERT	ROT	ROT	ROT	ROT	ROT	ROT	NONE	ROT	FAIL:Headquarters, walls, clouds, currents, islands and resources must be symmetric	PASS	1	1	B2,A3	2	2	0	64	4	28	7	7	1	4	true	true	21.0	0.9	1.0	0	0	0	0	0	10	3	3	25	20	2/2	2/2	0	true	0	0	14	3	ROT+HORI+VERT	ROT+HORI+VERT	ROT	ROT	0	22	0	0	0	0
Star	SPRINT_2	30	30	900	0,0	912	VERTICAL	VERT	VERT	VERT	VERT	VERT	NONE	VERT	VERT	HORI+VERT	NONE	NONE	FAIL:Headquarters, walls, clouds, currents, islands and resources must be symmetric	PASS	2	2	A2,B3,A4,B5	4	4	0	36	5	16	2	5	1	5	true	true	7.6	4.2	2.2	0	0	0	0	0	441	21	21	36	117	2/4	0/4	0	true	0	0	18	4	HORI+VERT	HORI+VERT	HORI+VERT	HORI+VERT	0	25	0	0	0	0
Sun	SPRINT_1	25	25	625	0,0	442	ROTATIONAL	ROT	ROT	ROT	ROT	ROT	ROT	ROT	ROT	ROT	NONE	ROT	FAIL:Headquarters, walls, clouds, currents, islands and resources must be symmetric	PASS	1	1	B2,A3	4	3	0	25	4	22	3	8	1	4	true	true	9.9	2.6	7.4	0	0	0	0	0	800	20	23	26	145	2/2	0/2	0	true	0	0	28	3	ROT+HORI+VERT	ROT+HORI+VERT	ROT+HORI+VERT	ROT+HORI+VERT	0	25	0	0	0	0
Sus	SPRINT_2	40	20	800	0,0	819	VERTICAL	VERT	VERT	VERT	VERT	VERT	VERT	VERT	VERT	VERT	NONE	VERT	FAIL:Headquarters, walls, clouds, currents, islands and resources must be symmetric	PASS	1	1	B2,A3	2	2	0	32	4	16	4	4	1	4	true	true	15.5	2.8	1.5	0	0	0	0	0	961	31	31	20	49	2/2	0/2	0	true	0	0	2	3	ROT+HORI+VERT	ROT+HORI+VERT	ROT+HORI+VERT	ROT+HORI+VERT	0	22	0	0	0	0
SweetDreams	SPRINT_2	35	35	1225	0,0	144	VERTICAL	VERT	VERT	VERT	VERT	VERT	NONE	VERT	VERT	VERT	NONE	NONE	FAIL:Headquarters, walls, clouds, currents, islands and resources must be symmetric	PASS	1	1	A2,B3	4	4	0	49	8	54	6	9	1	8	true	true	12.1	12.7	2.6	0	0	10	0	4	400	20	20	34	40	2/2	0/2	0	true	0	0	2	6	ROT+HORI+VERT	ROT+HORI+VERT	ROT+HORI+VERT	ROT+HORI+VERT	0	26	37	0	0	0
Swooshy	HS_NEWBIE	50	41	2050	0,0	233	HORIZONTAL	HORI	HORI	HORI	HORI	HORI	NONE	HORI	HORI	HORI	NONE	NONE	FAIL:Headquarters, walls, clouds, currents, islands and resources must be symmetric	PASS	2	2	B4,A5,B8,A9	6	4	0	82	8	108	11	15	1	8	true	true	21.2	13.2	2.8	0	0	0	0	0	676	26	40	61	137	0/4	0/4	0	true	0	0	48	6	ROT+HORI+VERT	ROT+HORI+VERT	ROT+HORI	ROT+HORI	0	28	0	0	0	0
Tacocat	SPRINT_1	60	20	1200	0,0	721	VERTICAL	VERT	VERT	VERT	VERT	VERT	NONE	VERT	VERT	VERT	NONE	NONE	FAIL:Headquarters, walls, clouds, currents, islands and resources must be symmetric	PASS	2	2	A2,B3,A4,B5	4	4	0	48	8	22	2	5	1	8	true	true	13.2	5.0	2.5	0	0	0	0	0	729	27	27	40	130	2/4	2/4	0	true	0	0	22	6	ROT+HORI+VERT	ROT+HORI+VERT	ROT+VERT	ROT+VERT	0	27	0	0	0	0
Target	US_QUALIFYING	60	60	3600	0,0	721	ROTATIONAL	ROT	ROT	ROT	ROT	ROT	ROT	ROT	ROT	ROT+HORI	NONE	ROT	FAIL:Headquarters, walls, clouds, currents, islands and resources must be symmetric	PASS	2	2	A2,B3,A4,B5	4	4	0	144	12	154	12	15	1	12	true	true	42.4	7.8	2.6	0	0	0	0	0	3481	59	59	100	170	0/4	0/4	4	true	0	0	60	9	ROT+HORI	ROT+HORI	ROT+HORI	ROT+HORI	0	10	0	0	0	0
ThirtyFive	INTL_QUALIFYING	48	47	2256	0,0	748	ROTATIONAL	ROT	ROT	ROT	ROT	ROT	ROT	ROT	ROT	ROT	NONE	ROT	FAIL:Headquarters, walls, clouds, currents, islands and resources must be symmetric	PASS	3	3	A2,B3,A4,B5,A6,B7	6	6	0	90	35	232	3	20	1	35	true	true	71.5	2.4	3.0	0	0	0	0	0	1289	33	33	50	53	0/6	0/6	0	true	0	0	32	27	ROT+HORI+VERT	ROT+HORI+VERT	ROT+VERT	ROT+VERT	2	15	0	12	0	0
TicTacToe	SPRINT_2	30	30	900	0,0	41	VERTICAL	VERT	VERT	VERT	VERT	VERT	NONE	VERT	VERT	VERT	NONE	NONE	FAIL:Headquarters, walls, clouds, currents, islands and resources must be symmetric	PASS	2	2	B2,A3,B4,A5	8	8	0	36	4	36	9	9	1	4	true	true	16.2	6.9	4.7	0	0	0	0	0	324	18	19	68	36	2/4	2/4	0	true	0	0	0	3	ROT+HORI+VERT	ROT+HORI+VERT	HORI+VERT	HORI+VERT	0	20	0	0	0	0
Tightrope	US_QUALIFYING	50	20	1000	0,0	319	VERTICAL	VERT	VERT	VERT	VERT	VERT	VERT	VERT	VERT	VERT	NONE	VERT	FAIL:Headquarters, walls, clouds, currents, islands and resources must be symmetric	PASS	1	1	B2,A3	2	2	0	40	4	32	7	9	1	4	true	true	58.0	8.0	1.8	0	0	14	4	0	2401	49	49	65	65	0/2	0/2	2	true	0	0	12	3	ROT+HORI+VERT	ROT+HORI+VERT	ROT+VERT	ROT+VERT	0	14	8	0	0	0
TimesUp	INTL_QUALIFYING	20	30	600	0,0	5	VERTICAL	VERT	VERT	VERT	VERT	VERT	NONE	VERT	VERT	ROT+VERT	NONE	NONE	FAIL:Headquarters, walls, clouds, currents, islands and resources must be symmetric	PASS	2	2	A2,B3,A4,B5	4	4	0	24	8	60	4	10	1	8	true	true	42.7	23.7	2.7	0	0	18	0	2	361	19	19	73	117	0/4	0/4	4	true	0	0	4	6	ROT+VERT	ROT+VERT	ROT+VERT	ROT+VERT	0	7	0	0	0	0
TreasureMap	INTL_QUALIFYING	21	21	441	0,0	692	ROTATIONAL	ROT	ROT+HORI+VERT	ROT+HORI+VERT	ROT+HORI+VERT	ROT+HORI+VERT	ROT	ROT	ROT+HORI+VERT	ROT+VERT	NONE	ROT	FAIL:Headquarters, walls, clouds, currents, islands and resources must be symmetric	PASS	1	1	B2,A3	2	2	0	17	4	12	3	3	1	4	true	true	7.5	8.2	9.1	0	0	0	0	4	256	16	16	37	37	0/2	0/2	0	true	0	0	32	3	ROT+VERT	ROT+VERT	ROT+VERT	ROT+VERT	0	27	0	0	0	0
Turtle	DEFAULT	40	40	1600	0,0	547	VERTICAL	VERT	VERT	VERT	VERT	VERT	NONE	VERT	VERT	VERT	NONE	NONE	FAIL:Headquarters, walls, clouds, currents, islands and resources must be symmetric	PASS	2	2	B2,A3,B4,A5	4	2	0	64	6	52	6	12	1	6	true	true	15.3	5.3	1.8	0	0	8	0	2	533	23	23	82	153	0/4	0/4	0	true	0	0	4	5	ROT+HORI+VERT	ROT+HORI+VERT	HORI+VERT	HORI+VERT	0	19	0	0	0	0
USA	SPRINT_2	20	31	620	0,0	353	HORIZONTAL	HORI	HORI	HORI	HORI	ROT+HORI+VERT	ROT+HORI+VERT	HORI	HORI	HORI	NONE	HORI	FAIL:Headquarters, walls, clouds, currents, islands and resources must be symmetric	PASS	1	1	A2,B3	2	2	0	24	8	124	12	19	1	8	true	true	2.7	51.5	0.0	0	0	124	0	0	484	22	28	25	25	2/2	2/2	0	true	2	0	0	6	ROT+HORI+VERT	ROT+HORI+VERT	ROT+HORI+VERT	ROT+HORI+VERT	0	12	0	0	0	0
VeryReasonable	HS_NEWBIE	26	20	520	0,0	751	VERTICAL	VERT	VERT	VERT	VERT	VERT	NONE	VERT	VERT	VERT	NONE	NONE	FAIL:Headquarters, walls, clouds, currents, islands and resources must be symmetric	PASS	1	1	B2,A3	4	4	0	20	4	48	12	12	1	4	true	true	15.4	28.1	4.6	0	0	4	0	0	441	21	21	18	53	2/2	0/2	0	true	0	0	16	3	ROT+HORI+VERT	ROT+HORI+VERT	ROT+VERT	ROT+VERT	0	27	0	0	0	0
Zig	HS_NEWBIE	29	25	725	0,0	49	HORIZONTAL	HORI	HORI	HORI	HORI	ROT+HORI+VERT	ROT+HORI+VERT	HORI	HORI	HORI	NONE	HORI	FAIL:Headquarters, walls, clouds, currents, islands and resources must be symmetric	PASS	2	2	A2,B3,A4,B5	6	5	0	29	8	85	6	15	1	8	true	true	19.6	27.4	0.0	0	0	0	0	0	144	12	22	53	26	2/4	4/4	0	true	0	0	0	6	ROT+HORI+VERT	ROT+HORI+VERT	HORI+VERT	HORI+VERT	0	17	0	0	0	0
maptestsmall	DEFAULT	20	20	400	0,0	919	ROTATIONAL	ROT	ROT	ROT	ROT	ROT+HORI+VERT	ROT+HORI+VERT	ROT	ROT	ROT	NONE	ROT	FAIL:Headquarters, walls, clouds, currents, islands and resources must be symmetric	PASS	1	1	B2,A3	10	10	0	16	6	6	1	1	1	6	true	true	3.5	0.5	0.0	0	0	2	0	0	162	9	9	20	41	2/2	0/2	0	true	0	0	0	5	ROT+HORI+VERT	ROT+HORI+VERT	ROT	ROT	3	26	0	0	0	0
