bot,bot_hash,opp,opp_hash,map,side,seed,result,winner_side,rounds,reason,over,exceptions,deaths_self,run,added
c_line6,5bc8e7e545ac,examplefuncsplayer,e4b767d23870,Contraction,A,map,win,A,481,ISL75,0,0,0,gauntlet/20261009-001113-scr-5bc8e7e545ac-658c-a,2026-10-09T00:37:29+00:00
examplefuncsplayer,e4b767d23870,c_line6,5bc8e7e545ac,Contraction,B,map,loss,A,481,ISL75,0,0,0,gauntlet/20261009-001113-scr-5bc8e7e545ac-658c-a,2026-10-09T00:37:29+00:00
c_line6,5bc8e7e545ac,examplefuncsplayer,e4b767d23870,Contraction,B,map,win,B,405,ISL75,0,0,0,gauntlet/20261009-001113-scr-5bc8e7e545ac-658c-a,2026-10-09T00:37:29+00:00
examplefuncsplayer,e4b767d23870,c_line6,5bc8e7e545ac,Contraction,A,map,loss,B,405,ISL75,0,0,0,gauntlet/20261009-001113-scr-5bc8e7e545ac-658c-a,2026-10-09T00:37:29+00:00
c_line6,5bc8e7e545ac,examplefuncsplayer,e4b767d23870,FourNations,A,map,win,A,281,ISL75,0,0,0,gauntlet/20261009-001113-scr-5bc8e7e545ac-658c-a,2026-10-09T00:37:29+00:00
examplefuncsplayer,e4b767d23870,c_line6,5bc8e7e545ac,FourNations,B,map,loss,A,281,ISL75,0,0,0,gauntlet/20261009-001113-scr-5bc8e7e545ac-658c-a,2026-10-09T00:37:29+00:00
c_line6,5bc8e7e545ac,examplefuncsplayer,e4b767d23870,FourNations,B,map,win,B,270,ISL75,0,0,0,gauntlet/20261009-001113-scr-5bc8e7e545ac-658c-a,2026-10-09T00:37:29+00:00
examplefuncsplayer,e4b767d23870,c_line6,5bc8e7e545ac,FourNations,A,map,loss,B,270,ISL75,0,0,0,gauntlet/20261009-001113-scr-5bc8e7e545ac-658c-a,2026-10-09T00:37:29+00:00
c_line6,5bc8e7e545ac,examplefuncsplayer,e4b767d23870,SmallElements,A,map,win,A,193,ISL75,0,0,0,gauntlet/20261009-001113-scr-5bc8e7e545ac-658c-a,2026-10-09T00:37:29+00:00
examplefuncsplayer,e4b767d23870,c_line6,5bc8e7e545ac,SmallElements,B,map,loss,A,193,ISL75,0,0,0,gauntlet/20261009-001113-scr-5bc8e7e545ac-658c-a,2026-10-09T00:37:29+00:00
c_line6,5bc8e7e545ac,examplefuncsplayer,e4b767d23870,SmallElements,B,map,win,B,180,ISL75,0,0,0,gauntlet/20261009-001113-scr-5bc8e7e545ac-658c-a,2026-10-09T00:37:29+00:00
examplefuncsplayer,e4b767d23870,c_line6,5bc8e7e545ac,SmallElements,A,map,loss,B,180,ISL75,0,0,0,gauntlet/20261009-001113-scr-5bc8e7e545ac-658c-a,2026-10-09T00:37:29+00:00
c_line6,5bc8e7e545ac,examplefuncsplayer,e4b767d23870,Tightrope,A,map,win,A,382,ISL75,0,0,0,gauntlet/20261009-001113-scr-5bc8e7e545ac-658c-a,2026-10-09T00:37:29+00:00
examplefuncsplayer,e4b767d23870,c_line6,5bc8e7e545ac,Tightrope,B,map,loss,A,382,ISL75,0,0,0,gauntlet/20261009-001113-scr-5bc8e7e545ac-658c-a,2026-10-09T00:37:29+00:00
c_line6,5bc8e7e545ac,examplefuncsplayer,e4b767d23870,Tightrope,B,map,win,B,350,ISL75,0,0,0,gauntlet/20261009-001113-scr-5bc8e7e545ac-658c-a,2026-10-09T00:37:29+00:00
examplefuncsplayer,e4b767d23870,c_line6,5bc8e7e545ac,Tightrope,A,map,loss,B,350,ISL75,0,0,0,gauntlet/20261009-001113-scr-5bc8e7e545ac-658c-a,2026-10-09T00:37:29+00:00
c_line6,5bc8e7e545ac,c_line8a,83d878c19411,BatSignal,A,map,loss,B,276,ISL75,0,0,0,gauntlet/20261009-001232-scr-5bc8e7e545ac-658c-b,2026-10-09T00:37:29+00:00
c_line8a,83d878c19411,c_line6,5bc8e7e545ac,BatSignal,B,map,win,B,276,ISL75,0,0,0,gauntlet/20261009-001232-scr-5bc8e7e545ac-658c-b,2026-10-09T00:37:29+00:00
c_line6,5bc8e7e545ac,c_line8a,83d878c19411,BatSignal,B,map,win,B,278,ISL75,0,0,0,gauntlet/20261009-001232-scr-5bc8e7e545ac-658c-b,2026-10-09T00:37:29+00:00
c_line8a,83d878c19411,c_line6,5bc8e7e545ac,BatSignal,A,map,loss,B,278,ISL75,0,0,0,gauntlet/20261009-001232-scr-5bc8e7e545ac-658c-b,2026-10-09T00:37:29+00:00
c_line6,5bc8e7e545ac,c_line8a,83d878c19411,ReverseFunnel,A,map,win,A,655,ISL75,0,0,0,gauntlet/20261009-001232-scr-5bc8e7e545ac-658c-b,2026-10-09T00:37:29+00:00
c_line8a,83d878c19411,c_line6,5bc8e7e545ac,ReverseFunnel,B,map,loss,A,655,ISL75,0,0,0,gauntlet/20261009-001232-scr-5bc8e7e545ac-658c-b,2026-10-09T00:37:29+00:00
c_line6,5bc8e7e545ac,c_line8a,83d878c19411,ReverseFunnel,B,map,win,B,513,ISL75,0,0,0,gauntlet/20261009-001232-scr-5bc8e7e545ac-658c-b,2026-10-09T00:37:29+00:00
c_line8a,83d878c19411,c_line6,5bc8e7e545ac,ReverseFunnel,A,map,loss,B,513,ISL75,0,0,0,gauntlet/20261009-001232-scr-5bc8e7e545ac-658c-b,2026-10-09T00:37:29+00:00
c_line8a,83d878c19411,arch_adecon,b774bf16efe4,BatSignal,A,map,loss,B,646,ISL75,0,0,0,gauntlet/20261009-001340-scr-5bc8e7e545ac-658c-inc,2026-10-09T00:37:29+00:00
arch_adecon,b774bf16efe4,c_line8a,83d878c19411,BatSignal,B,map,win,B,646,ISL75,0,0,0,gauntlet/20261009-001340-scr-5bc8e7e545ac-658c-inc,2026-10-09T00:37:29+00:00
c_line8a,83d878c19411,arch_adecon,b774bf16efe4,BatSignal,B,map,win,B,274,ISL75,0,0,0,gauntlet/20261009-001340-scr-5bc8e7e545ac-658c-inc,2026-10-09T00:37:29+00:00
arch_adecon,b774bf16efe4,c_line8a,83d878c19411,BatSignal,A,map,loss,B,274,ISL75,0,0,0,gauntlet/20261009-001340-scr-5bc8e7e545ac-658c-inc,2026-10-09T00:37:29+00:00
c_line8a,83d878c19411,arch_adecon,b774bf16efe4,ReverseFunnel,A,map,loss,B,752,ISL75,0,0,0,gauntlet/20261009-001340-scr-5bc8e7e545ac-658c-inc,2026-10-09T00:37:29+00:00
arch_adecon,b774bf16efe4,c_line8a,83d878c19411,ReverseFunnel,B,map,win,B,752,ISL75,0,0,0,gauntlet/20261009-001340-scr-5bc8e7e545ac-658c-inc,2026-10-09T00:37:29+00:00
c_line8a,83d878c19411,arch_adecon,b774bf16efe4,ReverseFunnel,B,map,loss,A,866,ISL75,0,0,0,gauntlet/20261009-001340-scr-5bc8e7e545ac-658c-inc,2026-10-09T00:37:29+00:00
arch_adecon,b774bf16efe4,c_line8a,83d878c19411,ReverseFunnel,A,map,win,A,866,ISL75,0,0,0,gauntlet/20261009-001340-scr-5bc8e7e545ac-658c-inc,2026-10-09T00:37:29+00:00
c_line8a,83d878c19411,arch_ampmid,9b1099e4e1cf,BatSignal,A,map,loss,B,575,ISL75,0,0,0,gauntlet/20261009-001340-scr-5bc8e7e545ac-658c-inc,2026-10-09T00:37:29+00:00
arch_ampmid,9b1099e4e1cf,c_line8a,83d878c19411,BatSignal,B,map,win,B,575,ISL75,0,0,0,gauntlet/20261009-001340-scr-5bc8e7e545ac-658c-inc,2026-10-09T00:37:29+00:00
c_line8a,83d878c19411,arch_ampmid,9b1099e4e1cf,BatSignal,B,map,loss,A,591,ISL75,0,0,0,gauntlet/20261009-001340-scr-5bc8e7e545ac-658c-inc,2026-10-09T00:37:29+00:00
arch_ampmid,9b1099e4e1cf,c_line8a,83d878c19411,BatSignal,A,map,win,A,591,ISL75,0,0,0,gauntlet/20261009-001340-scr-5bc8e7e545ac-658c-inc,2026-10-09T00:37:29+00:00
c_line8a,83d878c19411,arch_ampmid,9b1099e4e1cf,ReverseFunnel,A,map,loss,B,530,ISL75,0,0,0,gauntlet/20261009-001340-scr-5bc8e7e545ac-658c-inc,2026-10-09T00:37:29+00:00
arch_ampmid,9b1099e4e1cf,c_line8a,83d878c19411,ReverseFunnel,B,map,win,B,530,ISL75,0,0,0,gauntlet/20261009-001340-scr-5bc8e7e545ac-658c-inc,2026-10-09T00:37:29+00:00
c_line8a,83d878c19411,arch_ampmid,9b1099e4e1cf,ReverseFunnel,B,map,loss,A,569,ISL75,0,0,0,gauntlet/20261009-001340-scr-5bc8e7e545ac-658c-inc,2026-10-09T00:37:29+00:00
arch_ampmid,9b1099e4e1cf,c_line8a,83d878c19411,ReverseFunnel,A,map,win,A,569,ISL75,0,0,0,gauntlet/20261009-001340-scr-5bc8e7e545ac-658c-inc,2026-10-09T00:37:29+00:00
c_line8a,83d878c19411,arch_blob,3c54b97e654b,BatSignal,A,map,win,A,2000,TB_ANCH,0,0,0,gauntlet/20261009-001340-scr-5bc8e7e545ac-658c-inc,2026-10-09T00:37:29+00:00
arch_blob,3c54b97e654b,c_line8a,83d878c19411,BatSignal,B,map,loss,A,2000,TB_ANCH,0,0,0,gauntlet/20261009-001340-scr-5bc8e7e545ac-658c-inc,2026-10-09T00:37:29+00:00
c_line8a,83d878c19411,arch_blob,3c54b97e654b,BatSignal,B,map,win,B,2000,TB_ANCH,0,0,0,gauntlet/20261009-001340-scr-5bc8e7e545ac-658c-inc,2026-10-09T00:37:29+00:00
arch_blob,3c54b97e654b,c_line8a,83d878c19411,BatSignal,A,map,loss,B,2000,TB_ANCH,0,0,0,gauntlet/20261009-001340-scr-5bc8e7e545ac-658c-inc,2026-10-09T00:37:29+00:00
c_line8a,83d878c19411,arch_blob,3c54b97e654b,ReverseFunnel,A,map,loss,B,2000,TB_ISL,0,0,0,gauntlet/20261009-001340-scr-5bc8e7e545ac-658c-inc,2026-10-09T00:37:29+00:00
arch_blob,3c54b97e654b,c_line8a,83d878c19411,ReverseFunnel,B,map,win,B,2000,TB_ISL,0,0,0,gauntlet/20261009-001340-scr-5bc8e7e545ac-658c-inc,2026-10-09T00:37:29+00:00
c_line8a,83d878c19411,arch_blob,3c54b97e654b,ReverseFunnel,B,map,loss,A,2000,TB_ISL,0,0,0,gauntlet/20261009-001340-scr-5bc8e7e545ac-658c-inc,2026-10-09T00:37:29+00:00
arch_blob,3c54b97e654b,c_line8a,83d878c19411,ReverseFunnel,A,map,win,A,2000,TB_ISL,0,0,0,gauntlet/20261009-001340-scr-5bc8e7e545ac-658c-inc,2026-10-09T00:37:29+00:00
c_line8a,83d878c19411,arch_horde,82311f9b016d,BatSignal,A,map,loss,B,635,ISL75,0,0,0,gauntlet/20261009-001340-scr-5bc8e7e545ac-658c-inc,2026-10-09T00:37:29+00:00
arch_horde,82311f9b016d,c_line8a,83d878c19411,BatSignal,B,map,win,B,635,ISL75,0,0,0,gauntlet/20261009-001340-scr-5bc8e7e545ac-658c-inc,2026-10-09T00:37:29+00:00
c_line8a,83d878c19411,arch_horde,82311f9b016d,BatSignal,B,map,loss,A,620,ISL75,0,0,0,gauntlet/20261009-001340-scr-5bc8e7e545ac-658c-inc,2026-10-09T00:37:29+00:00
arch_horde,82311f9b016d,c_line8a,83d878c19411,BatSignal,A,map,win,A,620,ISL75,0,0,0,gauntlet/20261009-001340-scr-5bc8e7e545ac-658c-inc,2026-10-09T00:37:29+00:00
c_line8a,83d878c19411,arch_horde,82311f9b016d,ReverseFunnel,A,map,loss,B,2000,TB_ISL,0,0,0,gauntlet/20261009-001340-scr-5bc8e7e545ac-658c-inc,2026-10-09T00:37:29+00:00
arch_horde,82311f9b016d,c_line8a,83d878c19411,ReverseFunnel,B,map,win,B,2000,TB_ISL,0,0,0,gauntlet/20261009-001340-scr-5bc8e7e545ac-658c-inc,2026-10-09T00:37:29+00:00
c_line8a,83d878c19411,arch_horde,82311f9b016d,ReverseFunnel,B,map,win,B,868,ISL75,0,0,0,gauntlet/20261009-001340-scr-5bc8e7e545ac-658c-inc,2026-10-09T00:37:29+00:00
arch_horde,82311f9b016d,c_line8a,83d878c19411,ReverseFunnel,A,map,loss,B,868,ISL75,0,0,0,gauntlet/20261009-001340-scr-5bc8e7e545ac-658c-inc,2026-10-09T00:37:29+00:00
c_line8a,83d878c19411,arch_swarm,b646f1e92c6b,BatSignal,A,map,loss,B,402,ISL75,0,0,0,gauntlet/20261009-001340-scr-5bc8e7e545ac-658c-inc,2026-10-09T00:37:29+00:00
arch_swarm,b646f1e92c6b,c_line8a,83d878c19411,BatSignal,B,map,win,B,402,ISL75,0,0,0,gauntlet/20261009-001340-scr-5bc8e7e545ac-658c-inc,2026-10-09T00:37:29+00:00
c_line8a,83d878c19411,arch_swarm,b646f1e92c6b,BatSignal,B,map,loss,A,455,ISL75,0,0,0,gauntlet/20261009-001340-scr-5bc8e7e545ac-658c-inc,2026-10-09T00:37:29+00:00
arch_swarm,b646f1e92c6b,c_line8a,83d878c19411,BatSignal,A,map,win,A,455,ISL75,0,0,0,gauntlet/20261009-001340-scr-5bc8e7e545ac-658c-inc,2026-10-09T00:37:29+00:00
c_line8a,83d878c19411,arch_swarm,b646f1e92c6b,ReverseFunnel,A,map,win,A,631,ISL75,0,0,0,gauntlet/20261009-001340-scr-5bc8e7e545ac-658c-inc,2026-10-09T00:37:29+00:00
arch_swarm,b646f1e92c6b,c_line8a,83d878c19411,ReverseFunnel,B,map,loss,A,631,ISL75,0,0,0,gauntlet/20261009-001340-scr-5bc8e7e545ac-658c-inc,2026-10-09T00:37:29+00:00
c_line8a,83d878c19411,arch_swarm,b646f1e92c6b,ReverseFunnel,B,map,loss,A,729,ISL75,0,0,0,gauntlet/20261009-001340-scr-5bc8e7e545ac-658c-inc,2026-10-09T00:37:29+00:00
arch_swarm,b646f1e92c6b,c_line8a,83d878c19411,ReverseFunnel,A,map,win,A,729,ISL75,0,0,0,gauntlet/20261009-001340-scr-5bc8e7e545ac-658c-inc,2026-10-09T00:37:29+00:00
c_line6,5bc8e7e545ac,arch_adecon,b774bf16efe4,BatSignal,A,map,loss,B,642,ISL75,0,0,0,gauntlet/20261009-002603-scr-5bc8e7e545ac-658c-c,2026-10-09T00:37:29+00:00
arch_adecon,b774bf16efe4,c_line6,5bc8e7e545ac,BatSignal,B,map,win,B,642,ISL75,0,0,0,gauntlet/20261009-002603-scr-5bc8e7e545ac-658c-c,2026-10-09T00:37:29+00:00
c_line6,5bc8e7e545ac,arch_adecon,b774bf16efe4,BatSignal,B,map,win,B,274,ISL75,0,0,0,gauntlet/20261009-002603-scr-5bc8e7e545ac-658c-c,2026-10-09T00:37:29+00:00
arch_adecon,b774bf16efe4,c_line6,5bc8e7e545ac,BatSignal,A,map,loss,B,274,ISL75,0,0,0,gauntlet/20261009-002603-scr-5bc8e7e545ac-658c-c,2026-10-09T00:37:29+00:00
c_line6,5bc8e7e545ac,arch_adecon,b774bf16efe4,ReverseFunnel,A,map,win,A,648,ISL75,0,0,0,gauntlet/20261009-002603-scr-5bc8e7e545ac-658c-c,2026-10-09T00:37:29+00:00
arch_adecon,b774bf16efe4,c_line6,5bc8e7e545ac,ReverseFunnel,B,map,loss,A,648,ISL75,0,0,0,gauntlet/20261009-002603-scr-5bc8e7e545ac-658c-c,2026-10-09T00:37:29+00:00
c_line6,5bc8e7e545ac,arch_adecon,b774bf16efe4,ReverseFunnel,B,map,win,B,577,ISL75,0,0,0,gauntlet/20261009-002603-scr-5bc8e7e545ac-658c-c,2026-10-09T00:37:29+00:00
arch_adecon,b774bf16efe4,c_line6,5bc8e7e545ac,ReverseFunnel,A,map,loss,B,577,ISL75,0,0,0,gauntlet/20261009-002603-scr-5bc8e7e545ac-658c-c,2026-10-09T00:37:29+00:00
c_line6,5bc8e7e545ac,arch_ampmid,9b1099e4e1cf,BatSignal,A,map,loss,B,564,ISL75,0,0,0,gauntlet/20261009-002603-scr-5bc8e7e545ac-658c-c,2026-10-09T00:37:29+00:00
arch_ampmid,9b1099e4e1cf,c_line6,5bc8e7e545ac,BatSignal,B,map,win,B,564,ISL75,0,0,0,gauntlet/20261009-002603-scr-5bc8e7e545ac-658c-c,2026-10-09T00:37:29+00:00
c_line6,5bc8e7e545ac,arch_ampmid,9b1099e4e1cf,BatSignal,B,map,loss,A,591,ISL75,0,0,0,gauntlet/20261009-002603-scr-5bc8e7e545ac-658c-c,2026-10-09T00:37:29+00:00
arch_ampmid,9b1099e4e1cf,c_line6,5bc8e7e545ac,BatSignal,A,map,win,A,591,ISL75,0,0,0,gauntlet/20261009-002603-scr-5bc8e7e545ac-658c-c,2026-10-09T00:37:29+00:00
c_line6,5bc8e7e545ac,arch_ampmid,9b1099e4e1cf,ReverseFunnel,A,map,loss,B,548,ISL75,0,0,0,gauntlet/20261009-002603-scr-5bc8e7e545ac-658c-c,2026-10-09T00:37:29+00:00
arch_ampmid,9b1099e4e1cf,c_line6,5bc8e7e545ac,ReverseFunnel,B,map,win,B,548,ISL75,0,0,0,gauntlet/20261009-002603-scr-5bc8e7e545ac-658c-c,2026-10-09T00:37:29+00:00
c_line6,5bc8e7e545ac,arch_ampmid,9b1099e4e1cf,ReverseFunnel,B,map,loss,A,637,ISL75,0,0,0,gauntlet/20261009-002603-scr-5bc8e7e545ac-658c-c,2026-10-09T00:37:29+00:00
arch_ampmid,9b1099e4e1cf,c_line6,5bc8e7e545ac,ReverseFunnel,A,map,win,A,637,ISL75,0,0,0,gauntlet/20261009-002603-scr-5bc8e7e545ac-658c-c,2026-10-09T00:37:29+00:00
c_line6,5bc8e7e545ac,arch_blob,3c54b97e654b,BatSignal,A,map,win,A,2000,TB_ANCH,0,0,0,gauntlet/20261009-002603-scr-5bc8e7e545ac-658c-c,2026-10-09T00:37:29+00:00
arch_blob,3c54b97e654b,c_line6,5bc8e7e545ac,BatSignal,B,map,loss,A,2000,TB_ANCH,0,0,0,gauntlet/20261009-002603-scr-5bc8e7e545ac-658c-c,2026-10-09T00:37:29+00:00
c_line6,5bc8e7e545ac,arch_blob,3c54b97e654b,BatSignal,B,map,win,B,2000,TB_ANCH,0,0,0,gauntlet/20261009-002603-scr-5bc8e7e545ac-658c-c,2026-10-09T00:37:29+00:00
arch_blob,3c54b97e654b,c_line6,5bc8e7e545ac,BatSignal,A,map,loss,B,2000,TB_ANCH,0,0,0,gauntlet/20261009-002603-scr-5bc8e7e545ac-658c-c,2026-10-09T00:37:29+00:00
c_line6,5bc8e7e545ac,arch_blob,3c54b97e654b,ReverseFunnel,A,map,loss,B,2000,TB_ISL,0,0,0,gauntlet/20261009-002603-scr-5bc8e7e545ac-658c-c,2026-10-09T00:37:29+00:00
arch_blob,3c54b97e654b,c_line6,5bc8e7e545ac,ReverseFunnel,B,map,win,B,2000,TB_ISL,0,0,0,gauntlet/20261009-002603-scr-5bc8e7e545ac-658c-c,2026-10-09T00:37:29+00:00
c_line6,5bc8e7e545ac,arch_blob,3c54b97e654b,ReverseFunnel,B,map,loss,A,2000,TB_ISL,0,0,0,gauntlet/20261009-002603-scr-5bc8e7e545ac-658c-c,2026-10-09T00:37:29+00:00
arch_blob,3c54b97e654b,c_line6,5bc8e7e545ac,ReverseFunnel,A,map,win,A,2000,TB_ISL,0,0,0,gauntlet/20261009-002603-scr-5bc8e7e545ac-658c-c,2026-10-09T00:37:29+00:00
c_line6,5bc8e7e545ac,arch_horde,82311f9b016d,BatSignal,A,map,loss,B,628,ISL75,0,0,0,gauntlet/20261009-002603-scr-5bc8e7e545ac-658c-c,2026-10-09T00:37:29+00:00
arch_horde,82311f9b016d,c_line6,5bc8e7e545ac,BatSignal,B,map,win,B,628,ISL75,0,0,0,gauntlet/20261009-002603-scr-5bc8e7e545ac-658c-c,2026-10-09T00:37:29+00:00
c_line6,5bc8e7e545ac,arch_horde,82311f9b016d,BatSignal,B,map,loss,A,620,ISL75,0,0,0,gauntlet/20261009-002603-scr-5bc8e7e545ac-658c-c,2026-10-09T00:37:29+00:00
arch_horde,82311f9b016d,c_line6,5bc8e7e545ac,BatSignal,A,map,win,A,620,ISL75,0,0,0,gauntlet/20261009-002603-scr-5bc8e7e545ac-658c-c,2026-10-09T00:37:29+00:00
c_line6,5bc8e7e545ac,arch_horde,82311f9b016d,ReverseFunnel,A,map,win,A,889,ISL75,0,0,0,gauntlet/20261009-002603-scr-5bc8e7e545ac-658c-c,2026-10-09T00:37:29+00:00
arch_horde,82311f9b016d,c_line6,5bc8e7e545ac,ReverseFunnel,B,map,loss,A,889,ISL75,0,0,0,gauntlet/20261009-002603-scr-5bc8e7e545ac-658c-c,2026-10-09T00:37:29+00:00
c_line6,5bc8e7e545ac,arch_horde,82311f9b016d,ReverseFunnel,B,map,win,B,1175,ISL75,0,0,0,gauntlet/20261009-002603-scr-5bc8e7e545ac-658c-c,2026-10-09T00:37:29+00:00
arch_horde,82311f9b016d,c_line6,5bc8e7e545ac,ReverseFunnel,A,map,loss,B,1175,ISL75,0,0,0,gauntlet/20261009-002603-scr-5bc8e7e545ac-658c-c,2026-10-09T00:37:29+00:00
c_line6,5bc8e7e545ac,arch_swarm,b646f1e92c6b,BatSignal,A,map,loss,B,445,ISL75,0,0,0,gauntlet/20261009-002603-scr-5bc8e7e545ac-658c-c,2026-10-09T00:37:29+00:00
arch_swarm,b646f1e92c6b,c_line6,5bc8e7e545ac,BatSignal,B,map,win,B,445,ISL75,0,0,0,gauntlet/20261009-002603-scr-5bc8e7e545ac-658c-c,2026-10-09T00:37:29+00:00
c_line6,5bc8e7e545ac,arch_swarm,b646f1e92c6b,BatSignal,B,map,loss,A,455,ISL75,0,0,0,gauntlet/20261009-002603-scr-5bc8e7e545ac-658c-c,2026-10-09T00:37:29+00:00
arch_swarm,b646f1e92c6b,c_line6,5bc8e7e545ac,BatSignal,A,map,win,A,455,ISL75,0,0,0,gauntlet/20261009-002603-scr-5bc8e7e545ac-658c-c,2026-10-09T00:37:29+00:00
c_line6,5bc8e7e545ac,arch_swarm,b646f1e92c6b,ReverseFunnel,A,map,win,A,526,ISL75,0,0,0,gauntlet/20261009-002603-scr-5bc8e7e545ac-658c-c,2026-10-09T00:37:29+00:00
arch_swarm,b646f1e92c6b,c_line6,5bc8e7e545ac,ReverseFunnel,B,map,loss,A,526,ISL75,0,0,0,gauntlet/20261009-002603-scr-5bc8e7e545ac-658c-c,2026-10-09T00:37:29+00:00
c_line6,5bc8e7e545ac,arch_swarm,b646f1e92c6b,ReverseFunnel,B,map,win,B,715,ISL75,0,0,0,gauntlet/20261009-002603-scr-5bc8e7e545ac-658c-c,2026-10-09T00:37:29+00:00
arch_swarm,b646f1e92c6b,c_line6,5bc8e7e545ac,ReverseFunnel,A,map,loss,B,715,ISL75,0,0,0,gauntlet/20261009-002603-scr-5bc8e7e545ac-658c-c,2026-10-09T00:37:29+00:00
g_iter0,e6f2fc5356c6,arch_ampmid,9b1099e4e1cf,BatSignal,A,map,loss,B,587,ISL75,0,0,0,gauntlet/20261008-234912-ampmid-v4-fid,2026-10-09T00:37:46+00:00
arch_ampmid,9b1099e4e1cf,g_iter0,e6f2fc5356c6,BatSignal,B,map,win,B,587,ISL75,0,0,0,gauntlet/20261008-234912-ampmid-v4-fid,2026-10-09T00:37:46+00:00
g_iter0,e6f2fc5356c6,arch_ampmid,9b1099e4e1cf,BatSignal,B,map,loss,A,663,ISL75,0,0,0,gauntlet/20261008-234912-ampmid-v4-fid,2026-10-09T00:37:46+00:00
arch_ampmid,9b1099e4e1cf,g_iter0,e6f2fc5356c6,BatSignal,A,map,win,A,663,ISL75,0,0,0,gauntlet/20261008-234912-ampmid-v4-fid,2026-10-09T00:37:46+00:00
g_iter0,e6f2fc5356c6,arch_ampmid,9b1099e4e1cf,Cat,A,map,loss,B,570,ISL75,0,0,0,gauntlet/20261008-234912-ampmid-v4-fid,2026-10-09T00:37:46+00:00
arch_ampmid,9b1099e4e1cf,g_iter0,e6f2fc5356c6,Cat,B,map,win,B,570,ISL75,0,0,0,gauntlet/20261008-234912-ampmid-v4-fid,2026-10-09T00:37:46+00:00
g_iter0,e6f2fc5356c6,arch_ampmid,9b1099e4e1cf,Cat,B,map,win,B,327,ISL75,0,0,0,gauntlet/20261008-234912-ampmid-v4-fid,2026-10-09T00:37:46+00:00
arch_ampmid,9b1099e4e1cf,g_iter0,e6f2fc5356c6,Cat,A,map,loss,B,327,ISL75,0,0,0,gauntlet/20261008-234912-ampmid-v4-fid,2026-10-09T00:37:46+00:00
g_iter0,e6f2fc5356c6,arch_ampmid,9b1099e4e1cf,Cornucopia,A,map,loss,B,1714,ISL75,0,0,0,gauntlet/20261008-234912-ampmid-v4-fid,2026-10-09T00:37:46+00:00
arch_ampmid,9b1099e4e1cf,g_iter0,e6f2fc5356c6,Cornucopia,B,map,win,B,1714,ISL75,0,0,0,gauntlet/20261008-234912-ampmid-v4-fid,2026-10-09T00:37:46+00:00
g_iter0,e6f2fc5356c6,arch_ampmid,9b1099e4e1cf,Cornucopia,B,map,loss,A,1357,ISL75,0,0,0,gauntlet/20261008-234912-ampmid-v4-fid,2026-10-09T00:37:46+00:00
arch_ampmid,9b1099e4e1cf,g_iter0,e6f2fc5356c6,Cornucopia,A,map,win,A,1357,ISL75,0,0,0,gauntlet/20261008-234912-ampmid-v4-fid,2026-10-09T00:37:46+00:00
g_iter0,e6f2fc5356c6,arch_ampmid,9b1099e4e1cf,DefaultMap,A,map,loss,B,539,ISL75,0,0,0,gauntlet/20261008-234912-ampmid-v4-fid,2026-10-09T00:37:46+00:00
arch_ampmid,9b1099e4e1cf,g_iter0,e6f2fc5356c6,DefaultMap,B,map,win,B,539,ISL75,0,0,0,gauntlet/20261008-234912-ampmid-v4-fid,2026-10-09T00:37:46+00:00
g_iter0,e6f2fc5356c6,arch_ampmid,9b1099e4e1cf,DefaultMap,B,map,loss,A,705,ISL75,0,0,0,gauntlet/20261008-234912-ampmid-v4-fid,2026-10-09T00:37:46+00:00
arch_ampmid,9b1099e4e1cf,g_iter0,e6f2fc5356c6,DefaultMap,A,map,win,A,705,ISL75,0,0,0,gauntlet/20261008-234912-ampmid-v4-fid,2026-10-09T00:37:46+00:00
g_iter0,e6f2fc5356c6,arch_ampmid,9b1099e4e1cf,Forest,A,map,loss,B,1857,ISL75,0,0,0,gauntlet/20261008-234912-ampmid-v4-fid,2026-10-09T00:37:46+00:00
arch_ampmid,9b1099e4e1cf,g_iter0,e6f2fc5356c6,Forest,B,map,win,B,1857,ISL75,0,0,0,gauntlet/20261008-234912-ampmid-v4-fid,2026-10-09T00:37:46+00:00
g_iter0,e6f2fc5356c6,arch_ampmid,9b1099e4e1cf,Forest,B,map,loss,A,1724,ISL75,0,0,0,gauntlet/20261008-234912-ampmid-v4-fid,2026-10-09T00:37:46+00:00
arch_ampmid,9b1099e4e1cf,g_iter0,e6f2fc5356c6,Forest,A,map,win,A,1724,ISL75,0,0,0,gauntlet/20261008-234912-ampmid-v4-fid,2026-10-09T00:37:46+00:00
g_iter0,e6f2fc5356c6,arch_ampmid,9b1099e4e1cf,Hah,A,map,loss,B,825,ISL75,0,0,0,gauntlet/20261008-234912-ampmid-v4-fid,2026-10-09T00:37:46+00:00
arch_ampmid,9b1099e4e1cf,g_iter0,e6f2fc5356c6,Hah,B,map,win,B,825,ISL75,0,0,0,gauntlet/20261008-234912-ampmid-v4-fid,2026-10-09T00:37:46+00:00
g_iter0,e6f2fc5356c6,arch_ampmid,9b1099e4e1cf,Hah,B,map,loss,A,531,ISL75,0,0,0,gauntlet/20261008-234912-ampmid-v4-fid,2026-10-09T00:37:46+00:00
arch_ampmid,9b1099e4e1cf,g_iter0,e6f2fc5356c6,Hah,A,map,win,A,531,ISL75,0,0,0,gauntlet/20261008-234912-ampmid-v4-fid,2026-10-09T00:37:46+00:00
g_iter0,e6f2fc5356c6,arch_ampmid,9b1099e4e1cf,IslandHopping,A,map,loss,B,701,ISL75,0,0,0,gauntlet/20261008-234912-ampmid-v4-fid,2026-10-09T00:37:46+00:00
arch_ampmid,9b1099e4e1cf,g_iter0,e6f2fc5356c6,IslandHopping,B,map,win,B,701,ISL75,0,0,0,gauntlet/20261008-234912-ampmid-v4-fid,2026-10-09T00:37:46+00:00
g_iter0,e6f2fc5356c6,arch_ampmid,9b1099e4e1cf,IslandHopping,B,map,loss,A,701,ISL75,0,0,0,gauntlet/20261008-234912-ampmid-v4-fid,2026-10-09T00:37:46+00:00
arch_ampmid,9b1099e4e1cf,g_iter0,e6f2fc5356c6,IslandHopping,A,map,win,A,701,ISL75,0,0,0,gauntlet/20261008-234912-ampmid-v4-fid,2026-10-09T00:37:46+00:00
g_iter0,e6f2fc5356c6,arch_ampmid,9b1099e4e1cf,MassiveL,A,map,loss,B,739,ISL75,0,0,0,gauntlet/20261008-234912-ampmid-v4-fid,2026-10-09T00:37:46+00:00
arch_ampmid,9b1099e4e1cf,g_iter0,e6f2fc5356c6,MassiveL,B,map,win,B,739,ISL75,0,0,0,gauntlet/20261008-234912-ampmid-v4-fid,2026-10-09T00:37:46+00:00
g_iter0,e6f2fc5356c6,arch_ampmid,9b1099e4e1cf,MassiveL,B,map,loss,A,749,ISL75,0,0,0,gauntlet/20261008-234912-ampmid-v4-fid,2026-10-09T00:37:46+00:00
arch_ampmid,9b1099e4e1cf,g_iter0,e6f2fc5356c6,MassiveL,A,map,win,A,749,ISL75,0,0,0,gauntlet/20261008-234912-ampmid-v4-fid,2026-10-09T00:37:46+00:00
g_iter0,e6f2fc5356c6,arch_ampmid,9b1099e4e1cf,Maze,A,map,loss,B,532,ISL75,0,0,0,gauntlet/20261008-234912-ampmid-v4-fid,2026-10-09T00:37:46+00:00
arch_ampmid,9b1099e4e1cf,g_iter0,e6f2fc5356c6,Maze,B,map,win,B,532,ISL75,0,0,0,gauntlet/20261008-234912-ampmid-v4-fid,2026-10-09T00:37:46+00:00
g_iter0,e6f2fc5356c6,arch_ampmid,9b1099e4e1cf,Maze,B,map,loss,A,572,ISL75,0,0,0,gauntlet/20261008-234912-ampmid-v4-fid,2026-10-09T00:37:46+00:00
arch_ampmid,9b1099e4e1cf,g_iter0,e6f2fc5356c6,Maze,A,map,win,A,572,ISL75,0,0,0,gauntlet/20261008-234912-ampmid-v4-fid,2026-10-09T00:37:46+00:00
g_iter0,e6f2fc5356c6,arch_ampmid,9b1099e4e1cf,ReverseFunnel,A,map,loss,B,524,ISL75,0,0,0,gauntlet/20261008-234912-ampmid-v4-fid,2026-10-09T00:37:46+00:00
arch_ampmid,9b1099e4e1cf,g_iter0,e6f2fc5356c6,ReverseFunnel,B,map,win,B,524,ISL75,0,0,0,gauntlet/20261008-234912-ampmid-v4-fid,2026-10-09T00:37:46+00:00
g_iter0,e6f2fc5356c6,arch_ampmid,9b1099e4e1cf,ReverseFunnel,B,map,loss,A,585,ISL75,0,0,0,gauntlet/20261008-234912-ampmid-v4-fid,2026-10-09T00:37:46+00:00
arch_ampmid,9b1099e4e1cf,g_iter0,e6f2fc5356c6,ReverseFunnel,A,map,win,A,585,ISL75,0,0,0,gauntlet/20261008-234912-ampmid-v4-fid,2026-10-09T00:37:46+00:00
c_line6,5bc8e7e545ac,arch_ampmid,9b1099e4e1cf,BatSignal,A,map,loss,B,564,ISL75,0,0,0,gauntlet/20261009-000239-ampmid-v4-str,2026-10-09T00:37:46+00:00
arch_ampmid,9b1099e4e1cf,c_line6,5bc8e7e545ac,BatSignal,B,map,win,B,564,ISL75,0,0,0,gauntlet/20261009-000239-ampmid-v4-str,2026-10-09T00:37:46+00:00
c_line6,5bc8e7e545ac,arch_ampmid,9b1099e4e1cf,BatSignal,B,map,loss,A,591,ISL75,0,0,0,gauntlet/20261009-000239-ampmid-v4-str,2026-10-09T00:37:46+00:00
arch_ampmid,9b1099e4e1cf,c_line6,5bc8e7e545ac,BatSignal,A,map,win,A,591,ISL75,0,0,0,gauntlet/20261009-000239-ampmid-v4-str,2026-10-09T00:37:46+00:00
c_line6,5bc8e7e545ac,arch_ampmid,9b1099e4e1cf,Cat,A,map,loss,B,616,ISL75,0,0,0,gauntlet/20261009-000239-ampmid-v4-str,2026-10-09T00:37:46+00:00
arch_ampmid,9b1099e4e1cf,c_line6,5bc8e7e545ac,Cat,B,map,win,B,616,ISL75,0,0,0,gauntlet/20261009-000239-ampmid-v4-str,2026-10-09T00:37:46+00:00
c_line6,5bc8e7e545ac,arch_ampmid,9b1099e4e1cf,Cat,B,map,win,B,334,ISL75,0,0,0,gauntlet/20261009-000239-ampmid-v4-str,2026-10-09T00:37:46+00:00
arch_ampmid,9b1099e4e1cf,c_line6,5bc8e7e545ac,Cat,A,map,loss,B,334,ISL75,0,0,0,gauntlet/20261009-000239-ampmid-v4-str,2026-10-09T00:37:46+00:00
c_line6,5bc8e7e545ac,arch_ampmid,9b1099e4e1cf,Cornucopia,A,map,win,A,523,ISL75,0,0,0,gauntlet/20261009-000239-ampmid-v4-str,2026-10-09T00:37:46+00:00
arch_ampmid,9b1099e4e1cf,c_line6,5bc8e7e545ac,Cornucopia,B,map,loss,A,523,ISL75,0,0,0,gauntlet/20261009-000239-ampmid-v4-str,2026-10-09T00:37:46+00:00
c_line6,5bc8e7e545ac,arch_ampmid,9b1099e4e1cf,Cornucopia,B,map,loss,A,768,ISL75,0,0,0,gauntlet/20261009-000239-ampmid-v4-str,2026-10-09T00:37:46+00:00
arch_ampmid,9b1099e4e1cf,c_line6,5bc8e7e545ac,Cornucopia,A,map,win,A,768,ISL75,0,0,0,gauntlet/20261009-000239-ampmid-v4-str,2026-10-09T00:37:46+00:00
c_line6,5bc8e7e545ac,arch_ampmid,9b1099e4e1cf,DefaultMap,A,map,loss,B,591,ISL75,0,0,0,gauntlet/20261009-000239-ampmid-v4-str,2026-10-09T00:37:46+00:00
arch_ampmid,9b1099e4e1cf,c_line6,5bc8e7e545ac,DefaultMap,B,map,win,B,591,ISL75,0,0,0,gauntlet/20261009-000239-ampmid-v4-str,2026-10-09T00:37:46+00:00
c_line6,5bc8e7e545ac,arch_ampmid,9b1099e4e1cf,DefaultMap,B,map,loss,A,521,ISL75,0,0,0,gauntlet/20261009-000239-ampmid-v4-str,2026-10-09T00:37:46+00:00
arch_ampmid,9b1099e4e1cf,c_line6,5bc8e7e545ac,DefaultMap,A,map,win,A,521,ISL75,0,0,0,gauntlet/20261009-000239-ampmid-v4-str,2026-10-09T00:37:46+00:00
c_line6,5bc8e7e545ac,arch_ampmid,9b1099e4e1cf,Forest,A,map,loss,B,2000,TB_ISL,0,0,0,gauntlet/20261009-000239-ampmid-v4-str,2026-10-09T00:37:46+00:00
arch_ampmid,9b1099e4e1cf,c_line6,5bc8e7e545ac,Forest,B,map,win,B,2000,TB_ISL,0,0,0,gauntlet/20261009-000239-ampmid-v4-str,2026-10-09T00:37:46+00:00
c_line6,5bc8e7e545ac,arch_ampmid,9b1099e4e1cf,Forest,B,map,loss,A,1898,ISL75,0,0,0,gauntlet/20261009-000239-ampmid-v4-str,2026-10-09T00:37:46+00:00
arch_ampmid,9b1099e4e1cf,c_line6,5bc8e7e545ac,Forest,A,map,win,A,1898,ISL75,0,0,0,gauntlet/20261009-000239-ampmid-v4-str,2026-10-09T00:37:46+00:00
c_line6,5bc8e7e545ac,arch_ampmid,9b1099e4e1cf,Hah,A,map,loss,B,575,ISL75,0,0,0,gauntlet/20261009-000239-ampmid-v4-str,2026-10-09T00:37:46+00:00
arch_ampmid,9b1099e4e1cf,c_line6,5bc8e7e545ac,Hah,B,map,win,B,575,ISL75,0,0,0,gauntlet/20261009-000239-ampmid-v4-str,2026-10-09T00:37:46+00:00
c_line6,5bc8e7e545ac,arch_ampmid,9b1099e4e1cf,Hah,B,map,loss,A,532,ISL75,0,0,0,gauntlet/20261009-000239-ampmid-v4-str,2026-10-09T00:37:46+00:00
arch_ampmid,9b1099e4e1cf,c_line6,5bc8e7e545ac,Hah,A,map,win,A,532,ISL75,0,0,0,gauntlet/20261009-000239-ampmid-v4-str,2026-10-09T00:37:46+00:00
c_line6,5bc8e7e545ac,arch_ampmid,9b1099e4e1cf,IslandHopping,A,map,loss,B,638,ISL75,0,0,0,gauntlet/20261009-000239-ampmid-v4-str,2026-10-09T00:37:46+00:00
arch_ampmid,9b1099e4e1cf,c_line6,5bc8e7e545ac,IslandHopping,B,map,win,B,638,ISL75,0,0,0,gauntlet/20261009-000239-ampmid-v4-str,2026-10-09T00:37:46+00:00
c_line6,5bc8e7e545ac,arch_ampmid,9b1099e4e1cf,IslandHopping,B,map,win,B,462,ISL75,0,0,0,gauntlet/20261009-000239-ampmid-v4-str,2026-10-09T00:37:46+00:00
arch_ampmid,9b1099e4e1cf,c_line6,5bc8e7e545ac,IslandHopping,A,map,loss,B,462,ISL75,0,0,0,gauntlet/20261009-000239-ampmid-v4-str,2026-10-09T00:37:46+00:00
c_line6,5bc8e7e545ac,arch_ampmid,9b1099e4e1cf,MassiveL,A,map,loss,B,678,ISL75,0,0,0,gauntlet/20261009-000239-ampmid-v4-str,2026-10-09T00:37:46+00:00
arch_ampmid,9b1099e4e1cf,c_line6,5bc8e7e545ac,MassiveL,B,map,win,B,678,ISL75,0,0,0,gauntlet/20261009-000239-ampmid-v4-str,2026-10-09T00:37:46+00:00
c_line6,5bc8e7e545ac,arch_ampmid,9b1099e4e1cf,MassiveL,B,map,loss,A,646,ISL75,0,0,0,gauntlet/20261009-000239-ampmid-v4-str,2026-10-09T00:37:46+00:00
arch_ampmid,9b1099e4e1cf,c_line6,5bc8e7e545ac,MassiveL,A,map,win,A,646,ISL75,0,0,0,gauntlet/20261009-000239-ampmid-v4-str,2026-10-09T00:37:46+00:00
c_line6,5bc8e7e545ac,arch_ampmid,9b1099e4e1cf,Maze,A,map,loss,B,537,ISL75,0,0,0,gauntlet/20261009-000239-ampmid-v4-str,2026-10-09T00:37:46+00:00
arch_ampmid,9b1099e4e1cf,c_line6,5bc8e7e545ac,Maze,B,map,win,B,537,ISL75,0,0,0,gauntlet/20261009-000239-ampmid-v4-str,2026-10-09T00:37:46+00:00
c_line6,5bc8e7e545ac,arch_ampmid,9b1099e4e1cf,Maze,B,map,loss,A,538,ISL75,0,0,0,gauntlet/20261009-000239-ampmid-v4-str,2026-10-09T00:37:46+00:00
arch_ampmid,9b1099e4e1cf,c_line6,5bc8e7e545ac,Maze,A,map,win,A,538,ISL75,0,0,0,gauntlet/20261009-000239-ampmid-v4-str,2026-10-09T00:37:46+00:00
c_line6,5bc8e7e545ac,arch_ampmid,9b1099e4e1cf,ReverseFunnel,A,map,loss,B,548,ISL75,0,0,0,gauntlet/20261009-000239-ampmid-v4-str,2026-10-09T00:37:46+00:00
arch_ampmid,9b1099e4e1cf,c_line6,5bc8e7e545ac,ReverseFunnel,B,map,win,B,548,ISL75,0,0,0,gauntlet/20261009-000239-ampmid-v4-str,2026-10-09T00:37:46+00:00
c_line6,5bc8e7e545ac,arch_ampmid,9b1099e4e1cf,ReverseFunnel,B,map,loss,A,637,ISL75,0,0,0,gauntlet/20261009-000239-ampmid-v4-str,2026-10-09T00:37:46+00:00
arch_ampmid,9b1099e4e1cf,c_line6,5bc8e7e545ac,ReverseFunnel,A,map,win,A,637,ISL75,0,0,0,gauntlet/20261009-000239-ampmid-v4-str,2026-10-09T00:37:46+00:00
arch_ampmid,9b1099e4e1cf,examplefuncsplayer,e4b767d23870,BatSignal,A,map,win,A,566,ISL75,0,0,0,gauntlet/20261009-001519-ampmid-v4-rob,2026-10-09T00:37:46+00:00
examplefuncsplayer,e4b767d23870,arch_ampmid,9b1099e4e1cf,BatSignal,B,map,loss,A,566,ISL75,0,0,0,gauntlet/20261009-001519-ampmid-v4-rob,2026-10-09T00:37:46+00:00
arch_ampmid,9b1099e4e1cf,examplefuncsplayer,e4b767d23870,BatSignal,B,map,win,B,545,ISL75,0,0,0,gauntlet/20261009-001519-ampmid-v4-rob,2026-10-09T00:37:46+00:00
examplefuncsplayer,e4b767d23870,arch_ampmid,9b1099e4e1cf,BatSignal,A,map,loss,B,545,ISL75,0,0,0,gauntlet/20261009-001519-ampmid-v4-rob,2026-10-09T00:37:46+00:00
arch_ampmid,9b1099e4e1cf,examplefuncsplayer,e4b767d23870,Cat,A,map,win,A,586,ISL75,0,0,0,gauntlet/20261009-001519-ampmid-v4-rob,2026-10-09T00:37:46+00:00
examplefuncsplayer,e4b767d23870,arch_ampmid,9b1099e4e1cf,Cat,B,map,loss,A,586,ISL75,0,0,0,gauntlet/20261009-001519-ampmid-v4-rob,2026-10-09T00:37:46+00:00
arch_ampmid,9b1099e4e1cf,examplefuncsplayer,e4b767d23870,Cat,B,map,win,B,553,ISL75,0,0,0,gauntlet/20261009-001519-ampmid-v4-rob,2026-10-09T00:37:46+00:00
examplefuncsplayer,e4b767d23870,arch_ampmid,9b1099e4e1cf,Cat,A,map,loss,B,553,ISL75,0,0,0,gauntlet/20261009-001519-ampmid-v4-rob,2026-10-09T00:37:46+00:00
arch_ampmid,9b1099e4e1cf,examplefuncsplayer,e4b767d23870,Cornucopia,A,map,win,A,823,ISL75,0,0,0,gauntlet/20261009-001519-ampmid-v4-rob,2026-10-09T00:37:46+00:00
examplefuncsplayer,e4b767d23870,arch_ampmid,9b1099e4e1cf,Cornucopia,B,map,loss,A,823,ISL75,0,0,0,gauntlet/20261009-001519-ampmid-v4-rob,2026-10-09T00:37:46+00:00
arch_ampmid,9b1099e4e1cf,examplefuncsplayer,e4b767d23870,Cornucopia,B,map,win,B,663,ISL75,0,0,0,gauntlet/20261009-001519-ampmid-v4-rob,2026-10-09T00:37:46+00:00
examplefuncsplayer,e4b767d23870,arch_ampmid,9b1099e4e1cf,Cornucopia,A,map,loss,B,663,ISL75,0,0,0,gauntlet/20261009-001519-ampmid-v4-rob,2026-10-09T00:37:46+00:00
arch_ampmid,9b1099e4e1cf,examplefuncsplayer,e4b767d23870,DefaultMap,A,map,win,A,1186,ISL75,0,0,0,gauntlet/20261009-001519-ampmid-v4-rob,2026-10-09T00:37:46+00:00
examplefuncsplayer,e4b767d23870,arch_ampmid,9b1099e4e1cf,DefaultMap,B,map,loss,A,1186,ISL75,0,0,0,gauntlet/20261009-001519-ampmid-v4-rob,2026-10-09T00:37:46+00:00
arch_ampmid,9b1099e4e1cf,examplefuncsplayer,e4b767d23870,DefaultMap,B,map,win,B,740,ISL75,0,0,0,gauntlet/20261009-001519-ampmid-v4-rob,2026-10-09T00:37:46+00:00
examplefuncsplayer,e4b767d23870,arch_ampmid,9b1099e4e1cf,DefaultMap,A,map,loss,B,740,ISL75,0,0,0,gauntlet/20261009-001519-ampmid-v4-rob,2026-10-09T00:37:46+00:00
arch_ampmid,9b1099e4e1cf,examplefuncsplayer,e4b767d23870,Forest,A,map,win,A,730,ISL75,0,0,0,gauntlet/20261009-001519-ampmid-v4-rob,2026-10-09T00:37:46+00:00
examplefuncsplayer,e4b767d23870,arch_ampmid,9b1099e4e1cf,Forest,B,map,loss,A,730,ISL75,0,0,0,gauntlet/20261009-001519-ampmid-v4-rob,2026-10-09T00:37:46+00:00
arch_ampmid,9b1099e4e1cf,examplefuncsplayer,e4b767d23870,Forest,B,map,win,B,703,ISL75,0,0,0,gauntlet/20261009-001519-ampmid-v4-rob,2026-10-09T00:37:46+00:00
examplefuncsplayer,e4b767d23870,arch_ampmid,9b1099e4e1cf,Forest,A,map,loss,B,703,ISL75,0,0,0,gauntlet/20261009-001519-ampmid-v4-rob,2026-10-09T00:37:46+00:00
arch_ampmid,9b1099e4e1cf,examplefuncsplayer,e4b767d23870,Hah,A,map,win,A,523,ISL75,0,0,0,gauntlet/20261009-001519-ampmid-v4-rob,2026-10-09T00:37:46+00:00
examplefuncsplayer,e4b767d23870,arch_ampmid,9b1099e4e1cf,Hah,B,map,loss,A,523,ISL75,0,0,0,gauntlet/20261009-001519-ampmid-v4-rob,2026-10-09T00:37:46+00:00
arch_ampmid,9b1099e4e1cf,examplefuncsplayer,e4b767d23870,Hah,B,map,win,B,520,ISL75,0,0,0,gauntlet/20261009-001519-ampmid-v4-rob,2026-10-09T00:37:46+00:00
examplefuncsplayer,e4b767d23870,arch_ampmid,9b1099e4e1cf,Hah,A,map,loss,B,520,ISL75,0,0,0,gauntlet/20261009-001519-ampmid-v4-rob,2026-10-09T00:37:46+00:00
arch_ampmid,9b1099e4e1cf,examplefuncsplayer,e4b767d23870,IslandHopping,A,map,win,A,657,ISL75,0,0,0,gauntlet/20261009-001519-ampmid-v4-rob,2026-10-09T00:37:46+00:00
examplefuncsplayer,e4b767d23870,arch_ampmid,9b1099e4e1cf,IslandHopping,B,map,loss,A,657,ISL75,0,0,0,gauntlet/20261009-001519-ampmid-v4-rob,2026-10-09T00:37:46+00:00
arch_ampmid,9b1099e4e1cf,examplefuncsplayer,e4b767d23870,IslandHopping,B,map,win,B,613,ISL75,0,0,0,gauntlet/20261009-001519-ampmid-v4-rob,2026-10-09T00:37:46+00:00
examplefuncsplayer,e4b767d23870,arch_ampmid,9b1099e4e1cf,IslandHopping,A,map,loss,B,613,ISL75,0,0,0,gauntlet/20261009-001519-ampmid-v4-rob,2026-10-09T00:37:46+00:00
arch_ampmid,9b1099e4e1cf,examplefuncsplayer,e4b767d23870,MassiveL,A,map,win,A,682,ISL75,0,0,0,gauntlet/20261009-001519-ampmid-v4-rob,2026-10-09T00:37:46+00:00
examplefuncsplayer,e4b767d23870,arch_ampmid,9b1099e4e1cf,MassiveL,B,map,loss,A,682,ISL75,0,0,0,gauntlet/20261009-001519-ampmid-v4-rob,2026-10-09T00:37:46+00:00
arch_ampmid,9b1099e4e1cf,examplefuncsplayer,e4b767d23870,MassiveL,B,map,win,B,697,ISL75,0,0,0,gauntlet/20261009-001519-ampmid-v4-rob,2026-10-09T00:37:46+00:00
examplefuncsplayer,e4b767d23870,arch_ampmid,9b1099e4e1cf,MassiveL,A,map,loss,B,697,ISL75,0,0,0,gauntlet/20261009-001519-ampmid-v4-rob,2026-10-09T00:37:46+00:00
arch_ampmid,9b1099e4e1cf,examplefuncsplayer,e4b767d23870,Maze,A,map,win,A,579,ISL75,0,0,0,gauntlet/20261009-001519-ampmid-v4-rob,2026-10-09T00:37:46+00:00
examplefuncsplayer,e4b767d23870,arch_ampmid,9b1099e4e1cf,Maze,B,map,loss,A,579,ISL75,0,0,0,gauntlet/20261009-001519-ampmid-v4-rob,2026-10-09T00:37:46+00:00
arch_ampmid,9b1099e4e1cf,examplefuncsplayer,e4b767d23870,Maze,B,map,win,B,534,ISL75,0,0,0,gauntlet/20261009-001519-ampmid-v4-rob,2026-10-09T00:37:46+00:00
examplefuncsplayer,e4b767d23870,arch_ampmid,9b1099e4e1cf,Maze,A,map,loss,B,534,ISL75,0,0,0,gauntlet/20261009-001519-ampmid-v4-rob,2026-10-09T00:37:46+00:00
arch_ampmid,9b1099e4e1cf,examplefuncsplayer,e4b767d23870,ReverseFunnel,A,map,win,A,536,ISL75,0,0,0,gauntlet/20261009-001519-ampmid-v4-rob,2026-10-09T00:37:46+00:00
examplefuncsplayer,e4b767d23870,arch_ampmid,9b1099e4e1cf,ReverseFunnel,B,map,loss,A,536,ISL75,0,0,0,gauntlet/20261009-001519-ampmid-v4-rob,2026-10-09T00:37:46+00:00
arch_ampmid,9b1099e4e1cf,examplefuncsplayer,e4b767d23870,ReverseFunnel,B,map,win,B,552,ISL75,0,0,0,gauntlet/20261009-001519-ampmid-v4-rob,2026-10-09T00:37:46+00:00
examplefuncsplayer,e4b767d23870,arch_ampmid,9b1099e4e1cf,ReverseFunnel,A,map,loss,B,552,ISL75,0,0,0,gauntlet/20261009-001519-ampmid-v4-rob,2026-10-09T00:37:46+00:00
