run,seq,teamA,teamB,map,winner,rounds,reason,seed
20261007-195015-calib-g_iter0,1,us:g_iter0,AnOvercookedFork.quals,HotAirBalloon,B,1312,ISL75,606070171
20261007-195015-calib-g_iter0,2,AnOvercookedFork.quals,us:g_iter0,Zig,A,995,ISL75,385678804
20261007-195015-calib-g_iter0,3,BrysonJGalapon.aloha,us:g_iter0,Fractured,B,469,ISL75,336064958
20261007-195015-calib-g_iter0,4,us:g_iter0,BrysonJGalapon.aloha,Quiet,A,247,ISL75,145326640
20261007-195015-calib-g_iter0,5,BrysonJGalapon.friday,us:g_iter0,River,B,381,ISL75,943516156
20261007-195015-calib-g_iter0,6,us:g_iter0,BrysonJGalapon.friday,Sus,A,316,ISL75,220583248
20261007-195015-calib-g_iter0,7,us:g_iter0,Chahat08.lazarus,Maze,A,321,ISL75,82304069
20261007-195015-calib-g_iter0,8,Chahat08.lazarus,us:g_iter0,RaceToTheTop,B,296,ISL75,737606261
20261007-195015-calib-g_iter0,9,us:g_iter0,Chahat08.toph,Dreamy,A,422,ISL75,657607733
20261007-195015-calib-g_iter0,10,Chahat08.toph,us:g_iter0,Orbit,B,297,ISL75,78590835
20261007-195015-calib-g_iter0,11,us:g_iter0,CodeClash-ai.mysubmission,Potions,A,2000,TB_ISL,1027076714
20261007-195015-calib-g_iter0,12,CodeClash-ai.mysubmission,us:g_iter0,Turtle,B,327,ISL75,111964428
20261007-195015-calib-g_iter0,13,ColtG5.rexv9,us:g_iter0,Clown,B,380,ISL75,1007120331
20261007-195015-calib-g_iter0,14,us:g_iter0,ColtG5.rexv9,HotAirBalloon,A,525,ISL75,806088843
20261007-195015-calib-g_iter0,15,us:g_iter0,CyrilSharma.finalBot,CrownJewels,B,576,ISL75,637315521
20261007-195015-calib-g_iter0,16,CyrilSharma.finalBot,us:g_iter0,Lantern,A,623,ISL75,644469322
20261007-195015-calib-g_iter0,17,DannyZhang686.pqual2,us:g_iter0,Dreamy,A,1192,ISL75,833448050
20261007-195015-calib-g_iter0,18,us:g_iter0,DannyZhang686.pqual2,ExtremelyMid,B,890,ISL75,528657596
20261007-195015-calib-g_iter0,19,us:g_iter0,DukeBas._main,KingdomRush,A,684,ISL75,42023891
20261007-195015-calib-g_iter0,20,DukeBas._main,us:g_iter0,Rewind,B,2000,TB_ISL,977622251
20261007-195015-calib-g_iter0,21,GabeG888.v8,us:g_iter0,ReverseFunnel,B,638,ISL75,251943251
20261007-195015-calib-g_iter0,22,us:g_iter0,GabeG888.v8,SomethingFishy,B,698,ISL75,863134106
20261007-195015-calib-g_iter0,23,GabeG888.v8o1,us:g_iter0,ReverseFunnel,A,633,ISL75,486737562
20261007-195015-calib-g_iter0,24,us:g_iter0,GabeG888.v8o1,VeryReasonable,B,637,ISL75,158192647
20261007-195015-calib-g_iter0,25,IvanGeffner.fortytwo,us:g_iter0,BatSignal,A,971,ISL75,634134710
20261007-195015-calib-g_iter0,26,us:g_iter0,IvanGeffner.fortytwo,River,B,698,ISL75,656364131
20261007-195015-calib-g_iter0,27,JackLee9355.jackPlayer,us:g_iter0,HotAirBalloon,B,396,ISL75,541281165
20261007-195015-calib-g_iter0,28,us:g_iter0,JackLee9355.jackPlayer,Zig,A,365,ISL75,948124307
20261007-195015-calib-g_iter0,29,us:g_iter0,JfeMak.realplayer2,Diagonal,A,291,ISL75,446861564
20261007-195015-calib-g_iter0,30,JfeMak.realplayer2,us:g_iter0,Divergence,B,241,ISL75,752996524
20261007-195015-calib-g_iter0,31,us:g_iter0,Juanbri02.matfisplayer1,BuildSite,A,354,ISL75,732373337
20261007-195015-calib-g_iter0,32,Juanbri02.matfisplayer1,us:g_iter0,Grapes,B,324,ISL75,395252956
20261007-195015-calib-g_iter0,33,us:g_iter0,Nawlej.PoonPoon,LookingGlass,A,2000,TB_ISL,622846033
20261007-195015-calib-g_iter0,34,Nawlej.PoonPoon,us:g_iter0,Sun,B,281,ISL75,573732515
20261007-195015-calib-g_iter0,35,us:g_iter0,Nawlej.PoonPoonv3,LightWork,A,336,ISL75,365378492
20261007-195015-calib-g_iter0,36,Nawlej.PoonPoonv3,us:g_iter0,Tacocat,B,364,ISL75,925671743
20261007-195015-calib-g_iter0,37,us:g_iter0,NicholasKelly15.gopher10,BattleSuns,A,1623,ISL75,90924712
20261007-195015-calib-g_iter0,38,NicholasKelly15.gopher10,us:g_iter0,Risk,B,303,ISL75,902714639
20261007-195015-calib-g_iter0,39,NolanChai.nolan_1,us:g_iter0,Movepls,B,263,ISL75,966022190
20261007-195015-calib-g_iter0,40,us:g_iter0,NolanChai.nolan_1,Pathfind,A,230,ISL75,589774097
20261007-195015-calib-g_iter0,41,us:g_iter0,NotLLeon.player,CrownJewels,A,410,ISL75,364101180
20261007-195015-calib-g_iter0,42,NotLLeon.player,us:g_iter0,SweetDreams,B,2000,TB_ISL,790722936
20261007-195015-calib-g_iter0,43,us:g_iter0,NotLLeon.v7,Cat,B,883,ISL75,921822829
20261007-195015-calib-g_iter0,44,NotLLeon.v7,us:g_iter0,IslandHopping,A,965,ISL75,911597275
20261007-195015-calib-g_iter0,45,us:g_iter0,PSUtblock.sprint_four_player,Contraction,A,542,ISL75,660550974
20261007-195015-calib-g_iter0,46,PSUtblock.sprint_four_player,us:g_iter0,LightWork,B,338,ISL75,184165630
20261007-195015-calib-g_iter0,47,us:g_iter0,Patela171.Battlecode2023_Robot,Crossword,A,299,ISL75,366035866
20261007-195015-calib-g_iter0,48,Patela171.Battlecode2023_Robot,us:g_iter0,Grapes,B,301,ISL75,835131197
20261007-195015-calib-g_iter0,49,SDainard-PDX.Team_Player,us:g_iter0,KingdomRush,B,211,ISL75,657267818
20261007-195015-calib-g_iter0,50,us:g_iter0,SDainard-PDX.Team_Player,Pathfind,A,288,ISL75,577127978
20261007-195015-calib-g_iter0,51,us:g_iter0,SampleProvider.SPAARK,AllElements,A,354,ISL75,98444006
20261007-195015-calib-g_iter0,52,SampleProvider.SPAARK,us:g_iter0,Dreamy,B,478,ISL75,567689172
20261007-195015-calib-g_iter0,53,us:g_iter0,SampleProvider.SPAARK_1_12_2023,Orbit,A,304,ISL75,361798913
20261007-195015-calib-g_iter0,54,SampleProvider.SPAARK_1_12_2023,us:g_iter0,Sakura,B,387,ISL75,723866286
20261007-195015-calib-g_iter0,55,us:g_iter0,ShatterXD.SRNNbot,BatSignal,A,311,ISL75,405840949
20261007-195015-calib-g_iter0,56,ShatterXD.SRNNbot,us:g_iter0,Star,B,253,ISL75,974048941
20261007-195015-calib-g_iter0,57,SteamBlizzard.Block,us:g_iter0,Jail,B,2000,TB_MN,537836866
20261007-195015-calib-g_iter0,58,us:g_iter0,SteamBlizzard.Block,Tacocat,A,373,ISL75,952693654
20261007-195015-calib-g_iter0,59,us:g_iter0,SteamBlizzard.newVnewME,Crossword,A,1258,ISL75,148708729
20261007-195015-calib-g_iter0,60,SteamBlizzard.newVnewME,us:g_iter0,Sine,B,304,ISL75,839562595
20261007-195015-calib-g_iter0,61,us:g_iter0,Swordman51.AdeptusAstartes2,IslandHopping,A,387,ISL75,743627384
20261007-195015-calib-g_iter0,62,Swordman51.AdeptusAstartes2,us:g_iter0,KingdomRush,B,208,ISL75,870953936
20261007-195015-calib-g_iter0,63,us:g_iter0,TheK098.qp1_7_sprint_1,RockWall,A,2000,TB_ISL,840418130
20261007-195015-calib-g_iter0,64,TheK098.qp1_7_sprint_1,us:g_iter0,Sneaky,B,251,ISL75,315131946
20261007-195015-calib-g_iter0,65,VarunVejalla.ali8,us:g_iter0,Maze,A,932,ISL75,930041188
20261007-195015-calib-g_iter0,66,us:g_iter0,VarunVejalla.ali8,Spin,A,323,ISL75,235653242
20261007-195015-calib-g_iter0,67,VarunVejalla.karel,us:g_iter0,Diagonal,B,342,ISL75,52139613
20261007-195015-calib-g_iter0,68,us:g_iter0,VarunVejalla.karel,Risk,A,248,ISL75,369205928
20261007-195015-calib-g_iter0,69,Vinceyou1.Player1,us:g_iter0,PairedProgramming,B,285,ISL75,1048307028
20261007-195015-calib-g_iter0,70,us:g_iter0,Vinceyou1.Player1,RockWall,A,2000,TB_ISL,494836599
20261007-195015-calib-g_iter0,71,Yooncw0223.lec3player,us:g_iter0,SoundWave,B,475,ISL75,457735476
20261007-195015-calib-g_iter0,72,us:g_iter0,Yooncw0223.lec3player,Spiderweb,A,998,ISL75,10648258
20261007-195015-calib-g_iter0,73,addiesteward.NDeClaw,us:g_iter0,Cat,B,440,ISL75,333250406
20261007-195015-calib-g_iter0,74,us:g_iter0,addiesteward.NDeClaw,Target,A,622,ISL75,34101978
20261007-195015-calib-g_iter0,75,addiesteward.elicompbot,us:g_iter0,Cat,B,328,ISL75,819473646
20261007-195015-calib-g_iter0,76,us:g_iter0,addiesteward.elicompbot,KingdomRush,A,211,ISL75,708480510
20261007-195015-calib-g_iter0,77,us:g_iter0,aj-chau.attempt1,Piglets,A,347,ISL75,998695730
20261007-195015-calib-g_iter0,78,aj-chau.attempt1,us:g_iter0,USA,B,460,ISL75,755939092
20261007-195015-calib-g_iter0,79,us:g_iter0,andrewgopher.gopherbot,ReverseFunnel,A,255,ISL75,228672859
20261007-195015-calib-g_iter0,80,andrewgopher.gopherbot,us:g_iter0,Sakura,B,415,ISL75,20305507
20261007-195015-calib-g_iter0,81,us:g_iter0,andrewgopher.gopherbot1,IslandHopping,A,370,ISL75,798694395
20261007-195015-calib-g_iter0,82,andrewgopher.gopherbot1,us:g_iter0,ThirtyFive,B,751,ISL75,985379943
20261007-195015-calib-g_iter0,83,andrewkbank.First,us:g_iter0,RaceToTheTop,B,379,ISL75,18468574
20261007-195015-calib-g_iter0,84,us:g_iter0,andrewkbank.First,Squares,A,434,ISL75,186017303
20261007-195015-calib-g_iter0,85,us:g_iter0,anicolao.jumbled,Forest,A,1272,ISL75,607701921
20261007-195015-calib-g_iter0,86,anicolao.jumbled,us:g_iter0,Grievance,B,401,ISL75,521605648
20261007-195015-calib-g_iter0,87,anicolao.submission,us:g_iter0,Eyelands,B,178,ISL75,372514206
20261007-195015-calib-g_iter0,88,us:g_iter0,anicolao.submission,RaceToTheTop,A,430,ISL75,503407101
20261007-195015-calib-g_iter0,89,awesomelemonade.finalBot,us:g_iter0,ReverseFunnel,A,1444,ISL75,993283352
20261007-195015-calib-g_iter0,90,us:g_iter0,awesomelemonade.finalBot,Spin,B,1186,ISL75,1001413972
20261007-195015-calib-g_iter0,91,ax-95174.MPAction,us:g_iter0,Crossword,B,453,ISL75,959666206
20261007-195015-calib-g_iter0,92,us:g_iter0,ax-95174.MPAction,Heart,A,322,ISL75,115674944
20261007-195015-calib-g_iter0,93,battlecode-archive.Sprint1,us:g_iter0,ExtremelyMid,A,705,ISL75,257304363
20261007-195015-calib-g_iter0,94,us:g_iter0,battlecode-archive.Sprint1,Sun,A,342,ISL75,686240045
20261007-195015-calib-g_iter0,95,battlecode-archive.sprintBot,us:g_iter0,Hah,A,776,ISL75,724190623
20261007-195015-calib-g_iter0,96,us:g_iter0,battlecode-archive.sprintBot,Jail,B,2000,TB_MN,328160068
20261007-195015-calib-g_iter0,97,beaverbois.USQualifiers,us:g_iter0,Fractured,B,428,ISL75,931384938
20261007-195015-calib-g_iter0,98,us:g_iter0,beaverbois.USQualifiers,MassiveL,B,2000,TB_ISL,171227172
20261007-195015-calib-g_iter0,99,us:g_iter0,bewuwy.deathbot4,AllElements,A,319,ISL75,424890855
20261007-195015-calib-g_iter0,100,bewuwy.deathbot4,us:g_iter0,RockWall,B,2000,TB_ISL,270967455
20261007-195015-calib-g_iter0,101,us:g_iter0,britacatalin.FinalBot,Flower,A,307,ISL75,1033155587
20261007-195015-calib-g_iter0,102,britacatalin.FinalBot,us:g_iter0,USA,A,2000,TB_ISL,339376159
20261007-195015-calib-g_iter0,103,us:g_iter0,carlguo866.submit26_final,Cat,B,837,ISL75,23100566
20261007-195015-calib-g_iter0,104,carlguo866.submit26_final,us:g_iter0,Hah,A,601,ISL75,815094798
20261007-195015-calib-g_iter0,105,us:g_iter0,elgoldie.head_v5,HotAirBalloon,A,419,ISL75,13294795
20261007-195015-calib-g_iter0,106,elgoldie.head_v5,us:g_iter0,Rainbow,B,2000,TB_ISL,835098309
20261007-195015-calib-g_iter0,107,ethanlabelle.dev,us:g_iter0,Contraction,A,833,ISL75,491525998
20261007-195015-calib-g_iter0,108,us:g_iter0,ethanlabelle.dev,Pit,B,704,ISL75,638423060
20261007-195015-calib-g_iter0,109,us:g_iter0,ethanlabelle.v19,Cat,A,621,ISL75,782939541
20261007-195015-calib-g_iter0,110,ethanlabelle.v19,us:g_iter0,Sakura,A,1010,ISL75,862628625
20261007-195015-calib-g_iter0,111,georgezhang02.CB_tuning2,us:g_iter0,Rectangle,A,700,ISL75,822516151
20261007-195015-calib-g_iter0,112,us:g_iter0,georgezhang02.CB_tuning2,Scatter,B,1522,ISL75,591814792
20261007-195015-calib-g_iter0,113,georgezhang02.FB_ZZZ,us:g_iter0,Crossword,A,890,ISL75,9105609
20261007-195015-calib-g_iter0,114,us:g_iter0,georgezhang02.FB_ZZZ,DefaultMap,B,1205,ISL75,1057523893
20261007-195015-calib-g_iter0,115,ipince.bobby,us:g_iter0,Contraction,B,404,ISL75,312690039
20261007-195015-calib-g_iter0,116,us:g_iter0,ipince.bobby,Risk,A,253,ISL75,399017856
20261007-195015-calib-g_iter0,117,ipince.bobby_v2,us:g_iter0,Cee,B,500,ISL75,250750555
20261007-195015-calib-g_iter0,118,us:g_iter0,ipince.bobby_v2,Sakura,A,431,ISL75,590853022
20261007-195015-calib-g_iter0,119,jmerle.camel_case_v30_final,us:g_iter0,BowAndArrow,A,2000,TB_MN,328980134
20261007-195015-calib-g_iter0,120,us:g_iter0,jmerle.camel_case_v30_final,Risk,B,709,ISL75,931531218
20261007-195015-calib-g_iter0,121,us:g_iter0,jyorkio.elicompbot,HideAndSeek,A,521,ISL75,19427194
20261007-195015-calib-g_iter0,122,jyorkio.elicompbot,us:g_iter0,Quiet,B,233,ISL75,8028559
20261007-195015-calib-g_iter0,123,kevinli405.maggi3,us:g_iter0,Spiral,B,240,ISL75,295520984
20261007-195015-calib-g_iter0,124,us:g_iter0,kevinli405.maggi3,VeryReasonable,A,378,ISL75,1061027112
20261007-195015-calib-g_iter0,125,us:g_iter0,kevinli405.maggi3_2,Piglets,A,343,ISL75,914068537
20261007-195015-calib-g_iter0,126,kevinli405.maggi3_2,us:g_iter0,VeryReasonable,B,251,ISL75,49125547
20261007-195015-calib-g_iter0,127,legobridge.kushalplayer,us:g_iter0,IslandHopping,B,375,ISL75,134951435
20261007-195015-calib-g_iter0,128,us:g_iter0,legobridge.kushalplayer,Rectangle,A,213,ISL75,896240663
20261007-195015-calib-g_iter0,129,us:g_iter0,legobridge.tacoplayer,FishCake,A,400,ISL75,152128436
20261007-195015-calib-g_iter0,130,legobridge.tacoplayer,us:g_iter0,Snowflake,B,528,ISL75,719849019
20261007-195015-calib-g_iter0,131,louishu17.louisv10,us:g_iter0,DefaultMap,B,417,ISL75,108377551
20261007-195015-calib-g_iter0,132,us:g_iter0,louishu17.louisv10,SomethingFishy,A,323,ISL75,546399027
20261007-195015-calib-g_iter0,133,louishu17.wouisv8,us:g_iter0,Divergence,B,301,ISL75,978165687
20261007-195015-calib-g_iter0,134,us:g_iter0,louishu17.wouisv8,Squares,B,2000,TB_ISL,265533015
20261007-195015-calib-g_iter0,135,mama4294.currentPlayer,us:g_iter0,Cat,B,273,ISL75,546824529
20261007-195015-calib-g_iter0,136,us:g_iter0,mama4294.currentPlayer,Checkmate2,A,288,ISL75,220935007
20261007-195015-calib-g_iter0,137,us:g_iter0,mama4294.learningBot,Cube,A,432,ISL75,882132751
20261007-195015-calib-g_iter0,138,mama4294.learningBot,us:g_iter0,Hah,B,268,ISL75,391799587
20261007-195015-calib-g_iter0,139,maxwelljones14.MPWorking,us:g_iter0,Cave,A,586,ISL75,1022466605
20261007-195015-calib-g_iter0,140,us:g_iter0,maxwelljones14.MPWorking,Rectangle,B,352,ISL75,692873170
20261007-195015-calib-g_iter0,141,michael-tyl.cc_v0_5_0_6,us:g_iter0,BowAndArrow,B,443,ISL75,989564233
20261007-195015-calib-g_iter0,142,us:g_iter0,michael-tyl.cc_v0_5_0_6,Orbit,A,286,ISL75,123590368
20261007-195015-calib-g_iter0,143,us:g_iter0,michael-tyl.hqrewrite,Divergence,A,297,ISL75,888964980
20261007-195015-calib-g_iter0,144,michael-tyl.hqrewrite,us:g_iter0,Grievance,B,438,ISL75,1055721286
20261007-195015-calib-g_iter0,145,us:g_iter0,monmouth-college-cs.elicompbot,Zig,A,367,ISL75,42974945
20261007-195015-calib-g_iter0,146,monmouth-college-cs.elicompbot,us:g_iter0,Zig,B,385,ISL75,352287776
20261007-195015-calib-g_iter0,147,nail-e.Barry,us:g_iter0,Forest,B,2000,TB_ISL,765412688
20261007-195015-calib-g_iter0,148,us:g_iter0,nail-e.Barry,Pakbot,A,356,ISL75,228739003
20261007-195015-calib-g_iter0,149,us:g_iter0,nail-e.Dante,CrownJewels,A,337,ISL75,182207697
20261007-195015-calib-g_iter0,150,nail-e.Dante,us:g_iter0,ThirtyFive,B,807,ISL75,242376365
20261007-195015-calib-g_iter0,151,polyllc.poly,us:g_iter0,Cave,B,551,ISL75,919420580
20261007-195015-calib-g_iter0,152,us:g_iter0,polyllc.poly,Sneaky,A,235,ISL75,837024530
20261007-195015-calib-g_iter0,153,us:g_iter0,pranayagra.finalbotfinal,Grapes,B,864,ISL75,581299831
20261007-195015-calib-g_iter0,154,pranayagra.finalbotfinal,us:g_iter0,Maze,A,607,ISL75,1000928674
20261007-195015-calib-g_iter0,155,pranayagra.finalbotfinaltwo,us:g_iter0,Checkmate2,A,657,ISL75,899474678
20261007-195015-calib-g_iter0,156,us:g_iter0,pranayagra.finalbotfinaltwo,RockWall,B,2000,TB_ISL,430658688
20261007-195015-calib-g_iter0,157,us:g_iter0,prisms-cs-club.prisms10,Buggy,A,1340,ISL75,742710889
20261007-195015-calib-g_iter0,158,prisms-cs-club.prisms10,us:g_iter0,Quiet,B,253,ISL75,824581298
20261007-195015-calib-g_iter0,159,programjames.fourthbot,us:g_iter0,Flower,B,200,ISL75,940097744
20261007-195015-calib-g_iter0,160,us:g_iter0,programjames.fourthbot,Spiral,A,247,ISL75,988310133
20261007-195015-calib-g_iter0,161,us:g_iter0,reeceyang.v5anaconda,Barcode,B,866,ISL75,851549284
20261007-195015-calib-g_iter0,162,reeceyang.v5anaconda,us:g_iter0,Diagonal,B,359,ISL75,215664274
20261007-195015-calib-g_iter0,163,us:g_iter0,team-remember-to-hydrate.sprint_1,BuildSite,A,349,ISL75,778962318
20261007-195015-calib-g_iter0,164,team-remember-to-hydrate.sprint_1,us:g_iter0,Clown,B,199,ISL75,761630837
20261007-195015-calib-g_iter0,165,us:g_iter0,toyat522.bot5,Heart,A,322,ISL75,427131612
20261007-195015-calib-g_iter0,166,toyat522.bot5,us:g_iter0,Squares,B,405,ISL75,418824320
20261007-195015-calib-g_iter0,167,toyat522.bot5a,us:g_iter0,Dreamy,A,2000,TB_ISL,320969753
20261007-195015-calib-g_iter0,168,us:g_iter0,toyat522.bot5a,Pathfind,A,217,ISL75,635020916
20261007-195015-calib-g_iter0,169,vontell.regressiongames,us:g_iter0,FishCake,B,364,ISL75,334794882
20261007-195015-calib-g_iter0,170,us:g_iter0,vontell.regressiongames,MoonPhases,A,280,ISL75,724671126
20261007-195015-calib-g_iter0,171,vrangr1.AFinalsBot,us:g_iter0,Buggy,A,656,ISL75,791832251
20261007-195015-calib-g_iter0,172,us:g_iter0,vrangr1.AFinalsBot,Tightrope,A,453,ISL75,1059713752
20261007-195015-calib-g_iter0,173,yaonam.PoonPoonv4,us:g_iter0,Pillars,B,328,ISL75,867854656
20261007-195015-calib-g_iter0,174,us:g_iter0,yaonam.PoonPoonv4,Rainbow,B,2000,TB_ISL,903158817
replica-1,1,Vinceyou1.Player1,aj-chau.attempt1,Risk,B,1037,ISL75,map
replica-1,2,Vinceyou1.Player1,aj-chau.attempt1,Dreamy,B,1604,ISL75,map-rev
replica-1,3,Vinceyou1.Player1,aj-chau.attempt1,LookingGlass,B,1288,ISL75,map
replica-2,1,toyat522.bot5,yaonam.PoonPoonv4,Maze,B,1255,ISL75,map
replica-2,2,toyat522.bot5,yaonam.PoonPoonv4,RaceToTheTop,B,2000,TB_ISL,map-rev
replica-2,3,toyat522.bot5,yaonam.PoonPoonv4,Crossword,B,2000,TB_ISL,map
replica-4,1,reeceyang.v5anaconda,pranayagra.finalbotfinal,Orbit,B,605,ISL75,map
replica-4,2,reeceyang.v5anaconda,pranayagra.finalbotfinal,Risk,B,604,ISL75,map-rev
replica-4,3,reeceyang.v5anaconda,pranayagra.finalbotfinal,AbsoluteW,A,1095,ISL75,map
replica-5,1,mama4294.currentPlayer,legobridge.tacoplayer,Elephant,B,360,ISL75,map
replica-5,2,mama4294.currentPlayer,legobridge.tacoplayer,Lantern,B,583,ISL75,map-rev
replica-5,3,mama4294.currentPlayer,legobridge.tacoplayer,Pathfind,B,361,ISL75,map
replica-3,1,andrewgopher.gopherbot,anicolao.submission,TicTacToe,A,2000,TB_ANCH,map
replica-3,2,andrewgopher.gopherbot,anicolao.submission,Swooshy,B,2000,TB_ISL,map-rev
replica-3,3,andrewgopher.gopherbot,anicolao.submission,SomethingFishy,B,1680,ISL75,map
replica-6,1,vrangr1.AFinalsBot,yaonam.PoonPoonv4,TreasureMap,A,558,ISL75,map
replica-6,2,vrangr1.AFinalsBot,yaonam.PoonPoonv4,BowAndArrow,A,372,ISL75,map-rev
replica-6,3,vrangr1.AFinalsBot,yaonam.PoonPoonv4,Cornucopia,A,506,ISL75,map
replica-7,1,elgoldie.head_v5,carlguo866.submit26_final,KingdomRush,B,535,ISL75,map
replica-7,2,elgoldie.head_v5,carlguo866.submit26_final,Target,B,1212,ISL75,map-rev
replica-7,3,elgoldie.head_v5,carlguo866.submit26_final,Quiet,B,728,ISL75,map
replica-8,1,awesomelemonade.finalBot,battlecode-archive.Sprint1,SweetDreams,A,1669,ISL75,map
replica-8,2,awesomelemonade.finalBot,battlecode-archive.Sprint1,SomethingFishy,A,499,ISL75,map-rev
replica-8,3,awesomelemonade.finalBot,battlecode-archive.Sprint1,Fractured,B,1262,ISL75,map
replica-9,1,JackLee9355.jackPlayer,DukeBas._main,ExtremelyMid,B,1413,ISL75,map
replica-9,2,JackLee9355.jackPlayer,DukeBas._main,Spiderweb,B,2000,TB_ISL,map-rev
replica-9,3,JackLee9355.jackPlayer,DukeBas._main,Snowflake,A,2000,TB_MN,map
replica-10,1,louishu17.louisv10,maxwelljones14.MPWorking,ExtremelyMid,B,493,ISL75,map
replica-10,2,louishu17.louisv10,maxwelljones14.MPWorking,Potions,B,1685,ISL75,map-rev
replica-10,3,louishu17.louisv10,maxwelljones14.MPWorking,PairedProgramming,B,447,ISL75,map
replica-11,1,toyat522.bot5a,us:g_iter0,Cat,B,276,ISL75,map
replica-11,2,toyat522.bot5a,us:g_iter0,Elephant,B,317,ISL75,map-rev
replica-11,3,toyat522.bot5a,us:g_iter0,HotAirBalloon,B,418,ISL75,map
replica-12,1,BrysonJGalapon.friday,us:examplefuncsplayer,TicTacToe,A,428,ISL75,map
replica-12,2,BrysonJGalapon.friday,us:examplefuncsplayer,IslandHopping,A,1780,ISL75,map-rev
replica-12,3,BrysonJGalapon.friday,us:examplefuncsplayer,Contraction,A,977,ISL75,map
replica-13,1,reeceyang.v5anaconda,prisms-cs-club.prisms10,BuildSite,A,873,ISL75,map
replica-13,2,reeceyang.v5anaconda,prisms-cs-club.prisms10,Piglets,A,903,ISL75,map-rev
replica-13,3,reeceyang.v5anaconda,prisms-cs-club.prisms10,MoonPhases,A,843,ISL75,map
replica-14,1,georgezhang02.CB_tuning2,georgezhang02.FB_ZZZ,Zig,B,858,ISL75,map
replica-14,2,georgezhang02.CB_tuning2,georgezhang02.FB_ZZZ,Pathfind,B,814,ISL75,map-rev
replica-14,3,georgezhang02.CB_tuning2,georgezhang02.FB_ZZZ,Jail,B,2000,TB_ISL,map
replica-16,1,ax-95174.MPAction,battlecode-archive.Sprint1,Sus,B,723,ISL75,map
replica-16,2,ax-95174.MPAction,battlecode-archive.Sprint1,Pathfind,B,761,ISL75,map-rev
replica-16,3,ax-95174.MPAction,battlecode-archive.Sprint1,Cube,B,854,ISL75,map
replica-17,1,PSUtblock.sprint_four_player,NotLLeon.player,Grapes,A,2000,TB_ISL,map
replica-17,2,PSUtblock.sprint_four_player,NotLLeon.player,PairedProgramming,A,1618,ISL75,map-rev
replica-17,3,PSUtblock.sprint_four_player,NotLLeon.player,Fractured,A,1514,ISL75,map
replica-18,1,jmerle.camel_case_v30_final,ipince.bobby,Diagonal,A,1736,ISL75,map
replica-18,2,jmerle.camel_case_v30_final,ipince.bobby,MoonPhases,B,1707,ISL75,map-rev
replica-18,3,jmerle.camel_case_v30_final,ipince.bobby,Movepls,A,522,ISL75,map
replica-15,1,us:examplefuncsplayer,AnOvercookedFork.quals,Star,B,875,ISL75,map
replica-15,2,us:examplefuncsplayer,AnOvercookedFork.quals,Quiet,B,976,ISL75,map-rev
replica-15,3,us:examplefuncsplayer,AnOvercookedFork.quals,Rainbow,B,2000,TB_ISL,map
replica-19,1,TheK098.qp1_7_sprint_1,SteamBlizzard.Block,Dreamy,A,2000,TB_ISL,map
replica-19,2,TheK098.qp1_7_sprint_1,SteamBlizzard.Block,LookingGlass,A,1631,ISL75,map-rev
replica-19,3,TheK098.qp1_7_sprint_1,SteamBlizzard.Block,Cornucopia,A,2000,TB_ISL,map
replica-20,1,CodeClash-ai.mysubmission,DukeBas._main,Target,B,2000,TB_MN,map
replica-20,2,CodeClash-ai.mysubmission,DukeBas._main,Star,B,958,ISL75,map-rev
replica-20,3,CodeClash-ai.mysubmission,DukeBas._main,Piglets,B,2000,TB_ISL,map
replica-21,1,georgezhang02.CB_tuning2,ipince.bobby,HotAirBalloon,A,2000,TB_ISL,map
replica-21,2,georgezhang02.CB_tuning2,ipince.bobby,Checkmate2,A,2000,TB_ISL,map-rev
replica-21,3,georgezhang02.CB_tuning2,ipince.bobby,Cat,A,808,ISL75,map
replica-22,1,us:g_iter0,yaonam.PoonPoonv4,ExtremelyMid,A,504,ISL75,map
replica-22,2,us:g_iter0,yaonam.PoonPoonv4,TicTacToe,A,353,ISL75,map-rev
replica-22,3,us:g_iter0,yaonam.PoonPoonv4,Piglets,A,351,ISL75,map
replica-23,1,SteamBlizzard.newVnewME,SampleProvider.SPAARK,Tightrope,B,1111,ISL75,map
replica-23,2,SteamBlizzard.newVnewME,SampleProvider.SPAARK,Tacocat,B,1156,ISL75,map-rev
replica-23,3,SteamBlizzard.newVnewME,SampleProvider.SPAARK,Rainbow,B,2000,TB_ISL,map
replica-24,1,pranayagra.finalbotfinaltwo,pranayagra.finalbotfinal,Spin,B,603,ISL75,map
replica-24,2,pranayagra.finalbotfinaltwo,pranayagra.finalbotfinal,Frog,B,538,ISL75,map-rev
replica-24,3,pranayagra.finalbotfinaltwo,pranayagra.finalbotfinal,Flower,A,477,ISL75,map
replica-25,1,pranayagra.finalbotfinaltwo,team-remember-to-hydrate.sprint_1,Pizza,A,562,ISL75,map
replica-25,2,pranayagra.finalbotfinaltwo,team-remember-to-hydrate.sprint_1,Orbit,A,673,ISL75,map-rev
replica-25,3,pranayagra.finalbotfinaltwo,team-remember-to-hydrate.sprint_1,Flower,A,497,ISL75,map
replica-26,1,legobridge.kushalplayer,kevinli405.maggi3_2,Diagonal,B,857,ISL75,map
replica-26,2,legobridge.kushalplayer,kevinli405.maggi3_2,Resign,B,1114,ISL75,map-rev
replica-26,3,legobridge.kushalplayer,kevinli405.maggi3_2,Frog,B,365,ISL75,map
replica-27,1,pranayagra.finalbotfinal,prisms-cs-club.prisms10,TicTacToe,A,588,ISL75,map
replica-27,2,pranayagra.finalbotfinal,prisms-cs-club.prisms10,ReverseFunnel,A,654,ISL75,map-rev
replica-27,3,pranayagra.finalbotfinal,prisms-cs-club.prisms10,Jail,A,703,ISL75,map
replica-28,1,SampleProvider.SPAARK,SDainard-PDX.Team_Player,Scatter,A,1049,ISL75,map
replica-28,2,SampleProvider.SPAARK,SDainard-PDX.Team_Player,Squares,A,2000,TB_ISL,map-rev
replica-28,3,SampleProvider.SPAARK,SDainard-PDX.Team_Player,Marsh,A,2000,TB_ISL,map
replica-29,1,vontell.regressiongames,team-remember-to-hydrate.sprint_1,SweetDreams,A,2000,TB_ISL,map
replica-29,2,vontell.regressiongames,team-remember-to-hydrate.sprint_1,Grapes,A,2000,TB_MN,map-rev
replica-29,3,vontell.regressiongames,team-remember-to-hydrate.sprint_1,Rainbow,A,2000,TB_ISL,map
replica-31,1,elgoldie.head_v5,ethanlabelle.dev,Swooshy,B,2000,TB_ISL,map
replica-31,2,elgoldie.head_v5,ethanlabelle.dev,Pizza,B,364,ISL75,map-rev
replica-31,3,elgoldie.head_v5,ethanlabelle.dev,Dreamy,B,1788,ISL75,map
replica-32,1,battlecode-archive.sprintBot,bewuwy.deathbot4,Grapes,A,858,ISL75,map
replica-32,2,battlecode-archive.sprintBot,bewuwy.deathbot4,Frog,A,988,ISL75,map-rev
replica-32,3,battlecode-archive.sprintBot,bewuwy.deathbot4,BuildSite,A,1883,ISL75,map
replica-33,1,nail-e.Barry,monmouth-college-cs.elicompbot,Marsh,A,2000,TB_ISL,map
replica-33,2,nail-e.Barry,monmouth-college-cs.elicompbot,FishCake,A,893,ISL75,map-rev
replica-33,3,nail-e.Barry,monmouth-college-cs.elicompbot,Flower,A,1052,ISL75,map
replica-34,1,CyrilSharma.finalBot,ColtG5.rexv9,Target,A,2000,TB_ISL,map
replica-34,2,CyrilSharma.finalBot,ColtG5.rexv9,VeryReasonable,A,475,ISL75,map-rev
replica-34,3,CyrilSharma.finalBot,ColtG5.rexv9,Lantern,A,492,ISL75,map
replica-35,1,IvanGeffner.fortytwo,DannyZhang686.pqual2,Sneaky,A,506,ISL75,map
replica-35,2,IvanGeffner.fortytwo,DannyZhang686.pqual2,VeryReasonable,A,975,ISL75,map-rev
replica-35,3,IvanGeffner.fortytwo,DannyZhang686.pqual2,Flower,A,688,ISL75,map
replica-36,1,louishu17.wouisv8,mama4294.learningBot,HideAndSeek,A,2000,TB_ISL,map
replica-36,2,louishu17.wouisv8,mama4294.learningBot,Pillars,A,2000,TB_ISL,map-rev
replica-36,3,louishu17.wouisv8,mama4294.learningBot,Tightrope,B,2000,TB_MN,map
replica-37,1,GabeG888.v8,GabeG888.v8o1,ReverseFunnel,B,621,ISL75,map
replica-37,2,GabeG888.v8,GabeG888.v8o1,USA,B,912,ISL75,map-rev
replica-37,3,GabeG888.v8,GabeG888.v8o1,Pillars,B,651,ISL75,map
replica-38,1,Chahat08.toph,CyrilSharma.finalBot,Pillars,B,918,ISL75,map
replica-38,2,Chahat08.toph,CyrilSharma.finalBot,Dreamy,B,1065,ISL75,map-rev
replica-38,3,Chahat08.toph,CyrilSharma.finalBot,Tightrope,B,649,ISL75,map
replica-39,1,prisms-cs-club.prisms10,pranayagra.finalbotfinaltwo,AbsoluteW,B,1830,ISL75,map
replica-39,2,prisms-cs-club.prisms10,pranayagra.finalbotfinaltwo,Sun,B,564,ISL75,map-rev
replica-39,3,prisms-cs-club.prisms10,pranayagra.finalbotfinaltwo,BatSignal,B,519,ISL75,map
replica-40,1,vrangr1.AFinalsBot,us:g_iter0,Frog,A,311,ISL75,map
replica-40,2,vrangr1.AFinalsBot,us:g_iter0,Barcode,A,1419,ISL75,map-rev
replica-40,3,vrangr1.AFinalsBot,us:g_iter0,Cave,A,626,ISL75,map
replica-41,1,Vinceyou1.Player1,TheK098.qp1_7_sprint_1,Frog,B,1906,ISL75,map
replica-41,2,Vinceyou1.Player1,TheK098.qp1_7_sprint_1,Quiet,B,1255,ISL75,map-rev
replica-41,3,Vinceyou1.Player1,TheK098.qp1_7_sprint_1,ThirtyFive,B,2000,TB_ISL,map
replica-42,1,toyat522.bot5,vrangr1.AFinalsBot,RockWall,B,1347,ISL75,map
replica-42,2,toyat522.bot5,vrangr1.AFinalsBot,SomethingFishy,B,464,ISL75,map-rev
replica-42,3,toyat522.bot5,vrangr1.AFinalsBot,Snowflake,B,454,ISL75,map
replica-43,1,legobridge.tacoplayer,kevinli405.maggi3_2,Diagonal,A,678,ISL75,map
replica-43,2,legobridge.tacoplayer,kevinli405.maggi3_2,Star,A,423,ISL75,map-rev
replica-43,3,legobridge.tacoplayer,kevinli405.maggi3_2,Tacocat,A,511,ISL75,map
replica-44,1,SteamBlizzard.Block,SDainard-PDX.Team_Player,Spiral,B,2000,TB_ISL,map
replica-44,2,SteamBlizzard.Block,SDainard-PDX.Team_Player,Minefield,A,2000,TB_MN,map-rev
replica-44,3,SteamBlizzard.Block,SDainard-PDX.Team_Player,Zig,B,2000,TB_ISL,map
replica-45,1,addiesteward.NDeClaw,andrewgopher.gopherbot,Barcode,B,2000,TB_ISL,map
replica-45,2,addiesteward.NDeClaw,andrewgopher.gopherbot,ReverseFunnel,B,2000,TB_MN,map-rev
replica-45,3,addiesteward.NDeClaw,andrewgopher.gopherbot,DefaultMap,B,670,ISL75,map
replica-46,1,nail-e.Dante,michael-tyl.cc_v0_5_0_6,IslandHopping,A,2000,TB_MN,map
replica-46,2,nail-e.Dante,michael-tyl.cc_v0_5_0_6,BuildSite,A,2000,TB_MN,map-rev
replica-46,3,nail-e.Dante,michael-tyl.cc_v0_5_0_6,Contraction,A,2000,TB_MN,map
replica-47,1,awesomelemonade.finalBot,beaverbois.USQualifiers,Flower,A,447,ISL75,map
replica-47,2,awesomelemonade.finalBot,beaverbois.USQualifiers,HideAndSeek,A,1577,ISL75,map-rev
replica-47,3,awesomelemonade.finalBot,beaverbois.USQualifiers,Rewind,A,1211,ISL75,map
replica-48,1,IvanGeffner.fortytwo,GabeG888.v8o1,Divergence,A,956,ISL75,map
replica-48,2,IvanGeffner.fortytwo,GabeG888.v8o1,FishCake,B,596,RESIGN,map-rev
replica-48,3,IvanGeffner.fortytwo,GabeG888.v8o1,LightWork,A,957,ISL75,map
replica-49,1,monmouth-college-cs.elicompbot,michael-tyl.hqrewrite,Jail,A,2000,TB_MN,map
replica-49,2,monmouth-college-cs.elicompbot,michael-tyl.hqrewrite,AbsoluteW,B,2000,TB_MN,map-rev
replica-49,3,monmouth-college-cs.elicompbot,michael-tyl.hqrewrite,FourNations,B,2000,TB_MN,map
replica-50,1,nail-e.Dante,monmouth-college-cs.elicompbot,Rewind,A,2000,TB_MN,map
replica-50,2,nail-e.Dante,monmouth-college-cs.elicompbot,Sus,A,2000,TB_MN,map-rev
replica-50,3,nail-e.Dante,monmouth-college-cs.elicompbot,Forest,A,2000,TB_MN,map
replica-51,1,michael-tyl.hqrewrite,nail-e.Barry,Cube,A,2000,TB_MN,map
replica-51,2,michael-tyl.hqrewrite,nail-e.Barry,Cee,B,1348,ISL75,map-rev
replica-51,3,michael-tyl.hqrewrite,nail-e.Barry,Tightrope,A,2000,TB_MN,map
replica-52,1,Yooncw0223.lec3player,addiesteward.NDeClaw,SoundWave,B,2000,TB_MN,map
replica-52,2,Yooncw0223.lec3player,addiesteward.NDeClaw,IslandHopping,A,2000,TB_MN,map-rev
replica-52,3,Yooncw0223.lec3player,addiesteward.NDeClaw,Rainbow,B,2000,TB_MN,map
replica-53,1,NolanChai.nolan_1,Patela171.Battlecode2023_Robot,Resign,A,2000,TB_ANCH,map
replica-53,2,NolanChai.nolan_1,Patela171.Battlecode2023_Robot,PipesAndParabolas,A,2000,TB_ISL,map-rev
replica-53,3,NolanChai.nolan_1,Patela171.Battlecode2023_Robot,Scatter,A,2000,TB_ISL,map
replica-55,1,NicholasKelly15.gopher10,Nawlej.PoonPoon,Diagonal,A,1476,ISL75,map
replica-55,2,NicholasKelly15.gopher10,Nawlej.PoonPoon,Sine,A,1484,ISL75,map-rev
replica-55,3,NicholasKelly15.gopher10,Nawlej.PoonPoon,Maze,A,1565,ISL75,map
galaxy-6,1,us:g_iter0,vrangr1.AFinalsBot,BatSignal,B,440,,map
galaxy-6,2,us:g_iter0,vrangr1.AFinalsBot,Cat,B,409,,map
galaxy-6,3,us:g_iter0,vrangr1.AFinalsBot,Cornucopia,B,600,,map
galaxy-6,4,us:g_iter0,vrangr1.AFinalsBot,DefaultMap,B,378,,map
galaxy-6,5,us:g_iter0,vrangr1.AFinalsBot,Forest,B,749,,map
galaxy-6,6,us:g_iter0,vrangr1.AFinalsBot,Hah,B,393,,map
galaxy-6,7,us:g_iter0,vrangr1.AFinalsBot,IslandHopping,B,556,,map
galaxy-6,8,us:g_iter0,vrangr1.AFinalsBot,MassiveL,B,632,,map
galaxy-6,9,us:g_iter0,vrangr1.AFinalsBot,Maze,B,359,,map
galaxy-6,10,us:g_iter0,vrangr1.AFinalsBot,ReverseFunnel,B,456,,map
galaxy-7,1,us:g_iter0,jmerle.camel_case_v30_final,BatSignal,B,713,,map
galaxy-7,2,us:g_iter0,jmerle.camel_case_v30_final,Cat,A,345,,map
galaxy-7,3,us:g_iter0,jmerle.camel_case_v30_final,Cornucopia,B,932,,map
galaxy-7,4,us:g_iter0,jmerle.camel_case_v30_final,DefaultMap,B,698,,map
galaxy-7,5,us:g_iter0,jmerle.camel_case_v30_final,Forest,B,860,,map
galaxy-7,6,us:g_iter0,jmerle.camel_case_v30_final,Hah,B,592,,map
galaxy-7,7,us:g_iter0,jmerle.camel_case_v30_final,IslandHopping,B,883,,map
galaxy-7,8,us:g_iter0,jmerle.camel_case_v30_final,MassiveL,B,967,,map
galaxy-7,9,us:g_iter0,jmerle.camel_case_v30_final,Maze,B,618,,map
galaxy-7,10,us:g_iter0,jmerle.camel_case_v30_final,ReverseFunnel,B,681,,map
galaxy-12,1,addiesteward.elicompbot,michael-tyl.hqrewrite,Clown,A,2000,,map
galaxy-12,2,addiesteward.elicompbot,michael-tyl.hqrewrite,RaceToTheTop,B,2000,,map-rev
galaxy-12,3,addiesteward.elicompbot,michael-tyl.hqrewrite,USA,B,2000,,map
galaxy-10,1,us:g_iter0,pranayagra.finalbotfinal,BatSignal,B,528,,map
galaxy-10,2,us:g_iter0,pranayagra.finalbotfinal,Cat,B,624,,map
galaxy-10,3,us:g_iter0,pranayagra.finalbotfinal,Cornucopia,B,876,,map
galaxy-10,4,us:g_iter0,pranayagra.finalbotfinal,DefaultMap,B,590,,map
galaxy-10,5,us:g_iter0,pranayagra.finalbotfinal,Forest,B,878,,map
galaxy-10,6,us:g_iter0,pranayagra.finalbotfinal,Hah,A,309,,map
galaxy-10,7,us:g_iter0,pranayagra.finalbotfinal,IslandHopping,B,645,,map
galaxy-10,8,us:g_iter0,pranayagra.finalbotfinal,MassiveL,B,1830,,map
galaxy-10,9,us:g_iter0,pranayagra.finalbotfinal,Maze,A,235,,map
galaxy-10,10,us:g_iter0,pranayagra.finalbotfinal,ReverseFunnel,B,552,,map
galaxy-11,1,CyrilSharma.finalBot,michael-tyl.hqrewrite,Orbit,A,2000,,map
galaxy-11,2,CyrilSharma.finalBot,michael-tyl.hqrewrite,PairedProgramming,A,715,,map-rev
galaxy-11,3,CyrilSharma.finalBot,michael-tyl.hqrewrite,Rainbow,A,2000,,map
galaxy-13,1,SteamBlizzard.newVnewME,Chahat08.toph,Cave,A,541,,map
galaxy-13,2,SteamBlizzard.newVnewME,Chahat08.toph,Forest,A,600,,map-rev
galaxy-13,3,SteamBlizzard.newVnewME,Chahat08.toph,Quiet,A,389,,map
galaxy-8,1,us:g_iter0,georgezhang02.CB_tuning2,BatSignal,B,877,,map
galaxy-8,2,us:g_iter0,georgezhang02.CB_tuning2,Cat,A,616,,map
galaxy-8,3,us:g_iter0,georgezhang02.CB_tuning2,Cornucopia,B,2000,,map
galaxy-8,4,us:g_iter0,georgezhang02.CB_tuning2,DefaultMap,B,2000,,map
galaxy-8,5,us:g_iter0,georgezhang02.CB_tuning2,Forest,B,2000,,map
galaxy-8,6,us:g_iter0,georgezhang02.CB_tuning2,Hah,B,613,,map
galaxy-8,7,us:g_iter0,georgezhang02.CB_tuning2,IslandHopping,B,2000,,map
galaxy-8,8,us:g_iter0,georgezhang02.CB_tuning2,MassiveL,B,2000,,map
galaxy-8,9,us:g_iter0,georgezhang02.CB_tuning2,Maze,B,612,,map
galaxy-8,10,us:g_iter0,georgezhang02.CB_tuning2,ReverseFunnel,B,2000,,map
galaxy-9,1,us:g_iter0,awesomelemonade.finalBot,BatSignal,B,504,,map
galaxy-9,2,us:g_iter0,awesomelemonade.finalBot,Cat,B,1151,,map
galaxy-9,3,us:g_iter0,awesomelemonade.finalBot,Cornucopia,B,912,,map
galaxy-9,4,us:g_iter0,awesomelemonade.finalBot,DefaultMap,B,810,,map
galaxy-9,5,us:g_iter0,awesomelemonade.finalBot,Forest,B,1597,,map
galaxy-9,6,us:g_iter0,awesomelemonade.finalBot,Hah,B,427,,map
galaxy-9,7,us:g_iter0,awesomelemonade.finalBot,IslandHopping,B,1143,,map
galaxy-9,8,us:g_iter0,awesomelemonade.finalBot,MassiveL,B,1180,,map
galaxy-9,9,us:g_iter0,awesomelemonade.finalBot,Maze,B,437,,map
galaxy-9,10,us:g_iter0,awesomelemonade.finalBot,ReverseFunnel,B,761,,map
galaxy-14,1,anicolao.jumbled,awesomelemonade.finalBot,BatSignal,B,748,,map
galaxy-14,2,anicolao.jumbled,awesomelemonade.finalBot,Rectangle,B,586,,map-rev
galaxy-14,3,anicolao.jumbled,awesomelemonade.finalBot,ReverseFunnel,B,833,,map
galaxy-15,1,battlecode-archive.Sprint1,michael-tyl.cc_v0_5_0_6,Barcode,A,1108,,map
galaxy-15,2,battlecode-archive.Sprint1,michael-tyl.cc_v0_5_0_6,Movepls,A,594,,map-rev
galaxy-15,3,battlecode-archive.Sprint1,michael-tyl.cc_v0_5_0_6,Piglets,A,808,,map
galaxy-16,1,SteamBlizzard.Block,vontell.regressiongames,HideAndSeek,B,2000,,map
galaxy-16,2,SteamBlizzard.Block,vontell.regressiongames,Sakura,A,2000,,map-rev
galaxy-16,3,SteamBlizzard.Block,vontell.regressiongames,Tacocat,B,2000,,map
galaxy-17,1,pranayagra.finalbotfinal,Chahat08.lazarus,HideAndSeek,A,1832,,map
galaxy-17,2,pranayagra.finalbotfinal,Chahat08.lazarus,Star,A,529,,map-rev
galaxy-17,3,pranayagra.finalbotfinal,Chahat08.lazarus,Tacocat,A,582,,map
galaxy-18,1,us:g_iter0,NotLLeon.v7,BatSignal,B,1036,,map
galaxy-18,2,us:g_iter0,NotLLeon.v7,Cat,B,866,,map
galaxy-18,3,us:g_iter0,NotLLeon.v7,Cornucopia,B,2000,,map
galaxy-18,4,us:g_iter0,NotLLeon.v7,DefaultMap,A,263,,map
galaxy-18,5,us:g_iter0,NotLLeon.v7,Forest,B,1299,,map
galaxy-18,6,us:g_iter0,NotLLeon.v7,Hah,B,791,,map
galaxy-18,7,us:g_iter0,NotLLeon.v7,IslandHopping,B,933,,map
galaxy-18,8,us:g_iter0,NotLLeon.v7,MassiveL,B,1227,,map
galaxy-18,9,us:g_iter0,NotLLeon.v7,Maze,A,282,,map
galaxy-18,10,us:g_iter0,NotLLeon.v7,ReverseFunnel,B,884,,map
galaxy-19,1,us:g_iter0,battlecode-archive.Sprint1,BatSignal,B,806,,map
galaxy-19,2,us:g_iter0,battlecode-archive.Sprint1,Cat,A,341,,map
galaxy-19,3,us:g_iter0,battlecode-archive.Sprint1,Cornucopia,A,384,,map
galaxy-19,4,us:g_iter0,battlecode-archive.Sprint1,DefaultMap,A,297,,map
galaxy-19,5,us:g_iter0,battlecode-archive.Sprint1,Forest,B,1611,,map
galaxy-19,6,us:g_iter0,battlecode-archive.Sprint1,Hah,A,277,,map
galaxy-19,7,us:g_iter0,battlecode-archive.Sprint1,IslandHopping,A,388,,map
galaxy-19,8,us:g_iter0,battlecode-archive.Sprint1,MassiveL,B,937,,map
galaxy-19,9,us:g_iter0,battlecode-archive.Sprint1,Maze,A,240,,map
galaxy-19,10,us:g_iter0,battlecode-archive.Sprint1,ReverseFunnel,B,849,,map
galaxy-20,1,us:g_iter0,reeceyang.v5anaconda,BatSignal,A,309,,map
galaxy-20,2,us:g_iter0,reeceyang.v5anaconda,Cat,A,513,,map
galaxy-20,3,us:g_iter0,reeceyang.v5anaconda,Cornucopia,A,706,,map
galaxy-20,4,us:g_iter0,reeceyang.v5anaconda,DefaultMap,A,284,,map
galaxy-20,5,us:g_iter0,reeceyang.v5anaconda,Forest,B,2000,,map
galaxy-20,6,us:g_iter0,reeceyang.v5anaconda,Hah,A,391,,map
galaxy-20,7,us:g_iter0,reeceyang.v5anaconda,IslandHopping,A,332,,map
galaxy-20,8,us:g_iter0,reeceyang.v5anaconda,MassiveL,B,985,,map
galaxy-20,9,us:g_iter0,reeceyang.v5anaconda,Maze,B,775,,map
galaxy-20,10,us:g_iter0,reeceyang.v5anaconda,ReverseFunnel,B,1661,,map
galaxy-21,1,us:g_iter0,yaonam.PoonPoonv4,BatSignal,A,294,,map
galaxy-21,2,us:g_iter0,yaonam.PoonPoonv4,Cat,A,646,,map
galaxy-21,3,us:g_iter0,yaonam.PoonPoonv4,Cornucopia,A,943,,map
galaxy-21,4,us:g_iter0,yaonam.PoonPoonv4,DefaultMap,A,315,,map
galaxy-21,5,us:g_iter0,yaonam.PoonPoonv4,Forest,A,2000,,map
galaxy-21,6,us:g_iter0,yaonam.PoonPoonv4,Hah,A,290,,map
galaxy-21,7,us:g_iter0,yaonam.PoonPoonv4,IslandHopping,A,383,,map
galaxy-21,8,us:g_iter0,yaonam.PoonPoonv4,MassiveL,A,648,,map
galaxy-21,9,us:g_iter0,yaonam.PoonPoonv4,Maze,A,239,,map
galaxy-21,10,us:g_iter0,yaonam.PoonPoonv4,ReverseFunnel,B,1024,,map
galaxy-22,1,us:g_iter0,britacatalin.FinalBot,BatSignal,B,2000,,map
galaxy-22,2,us:g_iter0,britacatalin.FinalBot,Cat,A,192,,map
galaxy-22,3,us:g_iter0,britacatalin.FinalBot,Cornucopia,B,2000,,map
galaxy-22,4,us:g_iter0,britacatalin.FinalBot,DefaultMap,A,140,,map
galaxy-22,5,us:g_iter0,britacatalin.FinalBot,Forest,B,2000,,map
galaxy-22,6,us:g_iter0,britacatalin.FinalBot,Hah,A,326,,map
galaxy-22,7,us:g_iter0,britacatalin.FinalBot,IslandHopping,B,2000,,map
galaxy-22,8,us:g_iter0,britacatalin.FinalBot,MassiveL,B,2000,,map
galaxy-22,9,us:g_iter0,britacatalin.FinalBot,Maze,A,286,,map
galaxy-22,10,us:g_iter0,britacatalin.FinalBot,ReverseFunnel,B,2000,,map
galaxy-23,1,aj-chau.attempt1,us:g_iter0,BatSignal,B,283,,map
galaxy-23,2,aj-chau.attempt1,us:g_iter0,IslandHoppingTwo,B,1660,,map-rev
galaxy-23,3,aj-chau.attempt1,us:g_iter0,PairedProgramming,B,257,,map
galaxy-24,1,toyat522.bot5,Patela171.Battlecode2023_Robot,Cat,A,2000,,map
galaxy-24,2,toyat522.bot5,Patela171.Battlecode2023_Robot,LookingGlass,B,2000,,map-rev
galaxy-24,3,toyat522.bot5,Patela171.Battlecode2023_Robot,SomethingFishy,B,2000,,map
galaxy-25,1,NolanChai.nolan_1,georgezhang02.FB_ZZZ,FishCake,B,829,,map
galaxy-25,2,NolanChai.nolan_1,georgezhang02.FB_ZZZ,Pakbot,B,1043,,map-rev
galaxy-25,3,NolanChai.nolan_1,georgezhang02.FB_ZZZ,River,B,757,,map
galaxy-26,1,CyrilSharma.finalBot,pranayagra.finalbotfinal,ArtistRendition,A,686,,map
galaxy-26,2,CyrilSharma.finalBot,pranayagra.finalbotfinal,Maze,A,2000,,map-rev
galaxy-26,3,CyrilSharma.finalBot,pranayagra.finalbotfinal,Pakbot,B,211,,map
galaxy-27,1,legobridge.tacoplayer,mama4294.learningBot,BatSignal,A,335,,map
galaxy-27,2,legobridge.tacoplayer,mama4294.learningBot,Pillars,A,682,,map-rev
galaxy-27,3,legobridge.tacoplayer,mama4294.learningBot,maptestsmall,A,650,,map
galaxy-28,1,us:g_iter0,SteamBlizzard.newVnewME,Cave,B,903,,map
galaxy-28,2,us:g_iter0,SteamBlizzard.newVnewME,Lines,A,399,,map-rev
galaxy-28,3,us:g_iter0,SteamBlizzard.newVnewME,TicTacToe,A,317,,map
galaxy-29,1,maxwelljones14.MPWorking,ShatterXD.SRNNbot,Fractured,A,625,,map
galaxy-29,2,maxwelljones14.MPWorking,ShatterXD.SRNNbot,PipesAndParabolas,A,515,,map-rev
galaxy-29,3,maxwelljones14.MPWorking,ShatterXD.SRNNbot,Spiderweb,A,813,,map
galaxy-30,1,beaverbois.USQualifiers,nail-e.Barry,Clown,A,412,,map
galaxy-30,2,beaverbois.USQualifiers,nail-e.Barry,Risk,A,1206,,map-rev
galaxy-30,3,beaverbois.USQualifiers,nail-e.Barry,Sun,A,544,,map
galaxy-31,1,prisms-cs-club.prisms10,NotLLeon.player,BattleSuns,A,1359,,map
galaxy-31,2,prisms-cs-club.prisms10,NotLLeon.player,Grievance,A,1590,,map-rev
galaxy-31,3,prisms-cs-club.prisms10,NotLLeon.player,Quiet,A,727,,map
galaxy-32,1,vontell.regressiongames,SteamBlizzard.Block,Cee,A,2000,,map
galaxy-32,2,vontell.regressiongames,SteamBlizzard.Block,ReverseFunnel,B,2000,,map-rev
galaxy-32,3,vontell.regressiongames,SteamBlizzard.Block,Rewind,B,2000,,map
galaxy-33,1,GabeG888.v8o1,louishu17.wouisv8,Flower,A,504,,map
galaxy-33,2,GabeG888.v8o1,louishu17.wouisv8,IslandHopping,A,1595,,map-rev
galaxy-33,3,GabeG888.v8o1,louishu17.wouisv8,Resign,A,474,,map
galaxy-34,1,legobridge.tacoplayer,awesomelemonade.finalBot,Elephant,B,870,,map
galaxy-34,2,legobridge.tacoplayer,awesomelemonade.finalBot,FourNations,B,414,,map-rev
galaxy-34,3,legobridge.tacoplayer,awesomelemonade.finalBot,Swooshy,B,1302,,map
galaxy-35,1,pranayagra.finalbotfinaltwo,monmouth-college-cs.elicompbot,PipesAndParabolas,A,597,,map
galaxy-35,2,pranayagra.finalbotfinaltwo,monmouth-college-cs.elicompbot,Sine,A,872,,map-rev
galaxy-35,3,pranayagra.finalbotfinaltwo,monmouth-college-cs.elicompbot,Sus,A,526,,map
galaxy-36,1,Yooncw0223.lec3player,IvanGeffner.fortytwo,Divergence,B,866,,map
galaxy-36,2,Yooncw0223.lec3player,IvanGeffner.fortytwo,Flower,B,726,,map-rev
galaxy-36,3,Yooncw0223.lec3player,IvanGeffner.fortytwo,Zig,B,789,,map
galaxy-37,1,pranayagra.finalbotfinaltwo,JfeMak.realplayer2,KingdomRush,A,509,,map
galaxy-37,2,pranayagra.finalbotfinaltwo,JfeMak.realplayer2,Rainbow,A,1948,,map-rev
galaxy-37,3,pranayagra.finalbotfinaltwo,JfeMak.realplayer2,Swooshy,A,737,,map
galaxy-38,1,us:g_iter0,vontell.regressiongames,Maze,A,246,,map
galaxy-38,2,us:g_iter0,vontell.regressiongames,ReverseFunnel,A,242,,map-rev
galaxy-38,3,us:g_iter0,vontell.regressiongames,Sneaky,A,261,,map
galaxy-39,1,GabeG888.v8,NotLLeon.v7,Crossword,A,1384,,map
galaxy-39,2,GabeG888.v8,NotLLeon.v7,Grapes,A,508,,map-rev
galaxy-39,3,GabeG888.v8,NotLLeon.v7,Sneaky,B,744,,map
galaxy-40,1,ethanlabelle.v19,andrewgopher.gopherbot1,Crossword,A,772,,map
galaxy-40,2,ethanlabelle.v19,andrewgopher.gopherbot1,SoundWave,A,1035,,map-rev
galaxy-40,3,ethanlabelle.v19,andrewgopher.gopherbot1,TreasureMap,A,780,,map
galaxy-41,1,pranayagra.finalbotfinal,beaverbois.USQualifiers,FourNations,A,476,,map
galaxy-41,2,pranayagra.finalbotfinal,beaverbois.USQualifiers,Lantern,A,635,,map-rev
galaxy-41,3,pranayagra.finalbotfinal,beaverbois.USQualifiers,Sine,A,657,,map
galaxy-42,1,aj-chau.attempt1,anicolao.jumbled,FishCake,A,1193,,map
galaxy-42,2,aj-chau.attempt1,anicolao.jumbled,PairedProgramming,A,2000,,map-rev
galaxy-42,3,aj-chau.attempt1,anicolao.jumbled,Target,A,2000,,map
galaxy-43,1,ColtG5.rexv9,JfeMak.realplayer2,Crossword,A,926,,map
galaxy-43,2,ColtG5.rexv9,JfeMak.realplayer2,Piglets,A,2000,,map-rev
galaxy-43,3,ColtG5.rexv9,JfeMak.realplayer2,ThirtyFive,A,1686,,map
galaxy-44,1,battlecode-archive.Sprint1,IvanGeffner.fortytwo,Barcode,B,1012,,map
galaxy-44,2,battlecode-archive.Sprint1,IvanGeffner.fortytwo,Buggy,B,1188,,map-rev
galaxy-44,3,battlecode-archive.Sprint1,IvanGeffner.fortytwo,Heart,B,952,,map
galaxy-45,1,SampleProvider.SPAARK_1_12_2023,bewuwy.deathbot4,ExtremelyMid,B,559,,map
galaxy-45,2,SampleProvider.SPAARK_1_12_2023,bewuwy.deathbot4,Hah,B,452,,map-rev
galaxy-45,3,SampleProvider.SPAARK_1_12_2023,bewuwy.deathbot4,HotAirBalloon,B,2000,,map
galaxy-46,1,IvanGeffner.fortytwo,pranayagra.finalbotfinaltwo,Barcode,B,401,,map
galaxy-46,2,IvanGeffner.fortytwo,pranayagra.finalbotfinaltwo,Quiet,A,961,,map-rev
galaxy-46,3,IvanGeffner.fortytwo,pranayagra.finalbotfinaltwo,Sun,A,972,,map
galaxy-47,1,ethanlabelle.dev,ax-95174.MPAction,Frog,A,487,,map
galaxy-47,2,ethanlabelle.dev,ax-95174.MPAction,Tacocat,A,549,,map-rev
galaxy-47,3,ethanlabelle.dev,ax-95174.MPAction,TicTacToe,A,788,,map
galaxy-48,1,toyat522.bot5a,mama4294.currentPlayer,FishCake,A,660,,map
galaxy-48,2,toyat522.bot5a,mama4294.currentPlayer,Pakbot,A,519,,map-rev
galaxy-48,3,toyat522.bot5a,mama4294.currentPlayer,Sneaky,A,495,,map
galaxy-49,1,maxwelljones14.MPWorking,prisms-cs-club.prisms10,Cornucopia,A,2000,,map
galaxy-49,2,maxwelljones14.MPWorking,prisms-cs-club.prisms10,Divergence,A,445,,map-rev
galaxy-49,3,maxwelljones14.MPWorking,prisms-cs-club.prisms10,Hah,A,423,,map
galaxy-50,1,IvanGeffner.fortytwo,GabeG888.v8o1,MoonPhases,A,854,,map
galaxy-50,2,IvanGeffner.fortytwo,GabeG888.v8o1,Rewind,A,1340,,map-rev
galaxy-50,3,IvanGeffner.fortytwo,GabeG888.v8o1,TicTacToe,A,654,,map
galaxy-51,1,SDainard-PDX.Team_Player,polyllc.poly,Cat,B,1229,,map
galaxy-51,2,SDainard-PDX.Team_Player,polyllc.poly,Cornucopia,B,1450,,map-rev
galaxy-51,3,SDainard-PDX.Team_Player,polyllc.poly,Lines,B,1862,,map
galaxy-52,1,DannyZhang686.pqual2,VarunVejalla.karel,Cube,B,1412,,map
galaxy-52,2,DannyZhang686.pqual2,VarunVejalla.karel,KingdomRush,B,491,,map-rev
galaxy-52,3,DannyZhang686.pqual2,VarunVejalla.karel,USA,A,2000,,map
galaxy-53,1,battlecode-archive.Sprint1,ethanlabelle.dev,Clown,B,1063,,map
galaxy-53,2,battlecode-archive.Sprint1,ethanlabelle.dev,FishCake,B,759,,map-rev
galaxy-53,3,battlecode-archive.Sprint1,ethanlabelle.dev,Lines,B,685,,map
galaxy-54,1,legobridge.tacoplayer,beaverbois.USQualifiers,AllElements,B,650,,map
galaxy-54,2,legobridge.tacoplayer,beaverbois.USQualifiers,Barcode,A,886,,map-rev
galaxy-54,3,legobridge.tacoplayer,beaverbois.USQualifiers,Sine,A,452,,map
galaxy-55,1,us:g_iter0,IvanGeffner.fortytwo,Grievance,B,1214,,map
galaxy-55,2,us:g_iter0,IvanGeffner.fortytwo,Tacocat,B,1180,,map-rev
galaxy-55,3,us:g_iter0,IvanGeffner.fortytwo,VeryReasonable,B,941,,map
galaxy-56,1,carlguo866.submit26_final,Vinceyou1.Player1,Marsh,A,2000,,map
galaxy-56,2,carlguo866.submit26_final,Vinceyou1.Player1,RaceToTheTop,A,789,,map-rev
galaxy-56,3,carlguo866.submit26_final,Vinceyou1.Player1,Rewind,A,1095,,map
galaxy-57,1,anicolao.submission,SampleProvider.SPAARK,Divergence,B,752,,map
galaxy-57,2,anicolao.submission,SampleProvider.SPAARK,IslandHoppingTwo,B,1841,,map-rev
galaxy-57,3,anicolao.submission,SampleProvider.SPAARK,PipesAndParabolas,B,1638,,map
galaxy-58,1,us:g_iter0,IvanGeffner.fortytwo,IslandHoppingTwo,B,2000,,map
galaxy-58,2,us:g_iter0,IvanGeffner.fortytwo,Pakbot,B,1107,,map-rev
galaxy-58,3,us:g_iter0,IvanGeffner.fortytwo,ThirtyFive,B,2000,,map
galaxy-59,1,Chahat08.toph,ax-95174.MPAction,Dreamy,B,2000,,map
galaxy-59,2,Chahat08.toph,ax-95174.MPAction,LookingGlass,A,2000,,map-rev
galaxy-59,3,Chahat08.toph,ax-95174.MPAction,Zig,B,2000,,map
galaxy-60,1,monmouth-college-cs.elicompbot,SDainard-PDX.Team_Player,ExtremelyMid,B,2000,,map
galaxy-60,2,monmouth-college-cs.elicompbot,SDainard-PDX.Team_Player,River,B,1500,,map-rev
galaxy-60,3,monmouth-college-cs.elicompbot,SDainard-PDX.Team_Player,Turtle,B,2000,,map
galaxy-61,1,nail-e.Dante,andrewgopher.gopherbot,ReverseFunnel,B,2000,,map
galaxy-61,2,nail-e.Dante,andrewgopher.gopherbot,Sneaky,B,302,,map-rev
galaxy-61,3,nail-e.Dante,andrewgopher.gopherbot,Spiderweb,B,1219,,map
galaxy-62,1,PSUtblock.sprint_four_player,jmerle.camel_case_v30_final,Jail,B,899,,map
galaxy-62,2,PSUtblock.sprint_four_player,jmerle.camel_case_v30_final,PipesAndParabolas,B,1246,,map-rev
galaxy-62,3,PSUtblock.sprint_four_player,jmerle.camel_case_v30_final,Spiral,B,578,,map
galaxy-63,1,team-remember-to-hydrate.sprint_1,battlecode-archive.sprintBot,HotAirBalloon,B,1652,,map
galaxy-63,2,team-remember-to-hydrate.sprint_1,battlecode-archive.sprintBot,Pit,B,1554,,map-rev
galaxy-63,3,team-remember-to-hydrate.sprint_1,battlecode-archive.sprintBot,Sus,B,1744,,map
galaxy-64,1,NotLLeon.v7,DannyZhang686.pqual2,Checkmate2,A,984,,map
galaxy-64,2,NotLLeon.v7,DannyZhang686.pqual2,PairedProgramming,A,969,,map-rev
galaxy-64,3,NotLLeon.v7,DannyZhang686.pqual2,Potions,A,1259,,map
galaxy-65,1,VarunVejalla.karel,Patela171.Battlecode2023_Robot,Movepls,A,578,,map
galaxy-65,2,VarunVejalla.karel,Patela171.Battlecode2023_Robot,Sine,A,832,,map-rev
galaxy-65,3,VarunVejalla.karel,Patela171.Battlecode2023_Robot,Tacocat,A,626,,map
galaxy-66,1,yaonam.PoonPoonv4,georgezhang02.CB_tuning2,Divergence,B,1877,,map
galaxy-66,2,yaonam.PoonPoonv4,georgezhang02.CB_tuning2,SweetDreams,A,2000,,map-rev
galaxy-66,3,yaonam.PoonPoonv4,georgezhang02.CB_tuning2,Swooshy,B,2000,,map
galaxy-67,1,VarunVejalla.ali8,kevinli405.maggi3,BattleSuns,A,1679,,map
galaxy-67,2,VarunVejalla.ali8,kevinli405.maggi3,DefaultMap,A,741,,map-rev
galaxy-67,3,VarunVejalla.ali8,kevinli405.maggi3,Frog,A,727,,map
galaxy-68,1,legobridge.tacoplayer,pranayagra.finalbotfinal,FishCake,B,566,,map
galaxy-68,2,legobridge.tacoplayer,pranayagra.finalbotfinal,Spiderweb,B,1907,,map-rev
galaxy-68,3,legobridge.tacoplayer,pranayagra.finalbotfinal,Sus,B,545,,map
galaxy-69,1,Chahat08.toph,DannyZhang686.pqual2,BattleSuns,B,1182,,map
galaxy-69,2,Chahat08.toph,DannyZhang686.pqual2,Minefield,B,1473,,map-rev
galaxy-69,3,Chahat08.toph,DannyZhang686.pqual2,Resign,B,865,,map
galaxy-70,1,Juanbri02.matfisplayer1,reeceyang.v5anaconda,Forest,B,1546,,map
galaxy-70,2,Juanbri02.matfisplayer1,reeceyang.v5anaconda,Snowflake,B,552,,map-rev
galaxy-70,3,Juanbri02.matfisplayer1,reeceyang.v5anaconda,Sun,B,572,,map
galaxy-71,1,toyat522.bot5a,andrewgopher.gopherbot,Buggy,A,1231,,map
galaxy-71,2,toyat522.bot5a,andrewgopher.gopherbot,Heart,A,499,,map-rev
galaxy-71,3,toyat522.bot5a,andrewgopher.gopherbot,Rewind,A,2000,,map
galaxy-72,1,IvanGeffner.fortytwo,us:g_iter0,BatSignal,A,988,,map
galaxy-72,2,IvanGeffner.fortytwo,us:g_iter0,FourNations,A,721,,map-rev
galaxy-72,3,IvanGeffner.fortytwo,us:g_iter0,PipesAndParabolas,A,1258,,map
galaxy-73,1,BrysonJGalapon.friday,yaonam.PoonPoonv4,Divergence,A,2000,,map
galaxy-73,2,BrysonJGalapon.friday,yaonam.PoonPoonv4,Pathfind,A,2000,,map-rev
galaxy-73,3,BrysonJGalapon.friday,yaonam.PoonPoonv4,Turtle,A,2000,,map
galaxy-74,1,Patela171.Battlecode2023_Robot,monmouth-college-cs.elicompbot,BatSignal,A,2000,,map
galaxy-74,2,Patela171.Battlecode2023_Robot,monmouth-college-cs.elicompbot,Cave,B,2000,,map-rev
galaxy-74,3,Patela171.Battlecode2023_Robot,monmouth-college-cs.elicompbot,SomethingFishy,A,2000,,map
galaxy-75,1,carlguo866.submit26_final,VarunVejalla.ali8,Jail,A,693,,map
galaxy-75,2,carlguo866.submit26_final,VarunVejalla.ali8,ThirtyFive,A,2000,,map-rev
galaxy-75,3,carlguo866.submit26_final,VarunVejalla.ali8,TreasureMap,A,757,,map
galaxy-76,1,anicolao.submission,NolanChai.nolan_1,Checkmate2,B,2000,,map
galaxy-76,2,anicolao.submission,NolanChai.nolan_1,River,B,2000,,map-rev
galaxy-76,3,anicolao.submission,NolanChai.nolan_1,Sine,B,2000,,map
galaxy-77,1,carlguo866.submit26_final,polyllc.poly,CrownJewels,A,935,,map
galaxy-77,2,carlguo866.submit26_final,polyllc.poly,Lantern,A,700,,map-rev
galaxy-77,3,carlguo866.submit26_final,polyllc.poly,Turtle,A,1279,,map
galaxy-78,1,polyllc.poly,carlguo866.submit26_final,Sine,B,1372,,map
galaxy-78,2,polyllc.poly,carlguo866.submit26_final,Target,B,1573,,map-rev
galaxy-78,3,polyllc.poly,carlguo866.submit26_final,maptestsmall,B,948,,map
galaxy-79,1,pranayagra.finalbotfinaltwo,legobridge.tacoplayer,FishCake,A,527,,map
galaxy-79,2,pranayagra.finalbotfinaltwo,legobridge.tacoplayer,IslandHoppingTwo,A,2000,,map-rev
galaxy-79,3,pranayagra.finalbotfinaltwo,legobridge.tacoplayer,Lines,A,569,,map
galaxy-80,1,louishu17.louisv10,andrewkbank.First,DefaultMap,A,1888,,map
galaxy-80,2,louishu17.louisv10,andrewkbank.First,Elephant,A,2000,,map-rev
galaxy-80,3,louishu17.louisv10,andrewkbank.First,Spiderweb,A,2000,,map
galaxy-81,1,us:g_iter0,pranayagra.finalbotfinal,AllElements,B,605,,map
galaxy-81,2,us:g_iter0,pranayagra.finalbotfinal,ArtistRendition,B,499,,map-rev
galaxy-81,3,us:g_iter0,pranayagra.finalbotfinal,TicTacToe,B,528,,map
galaxy-82,1,us:g_iter0,pranayagra.finalbotfinal,Contraction,B,553,,map
galaxy-82,2,us:g_iter0,pranayagra.finalbotfinal,FourNations,A,248,,map-rev
galaxy-82,3,us:g_iter0,pranayagra.finalbotfinal,Grievance,B,542,,map
galaxy-83,1,aj-chau.attempt1,michael-tyl.hqrewrite,Diagonal,B,2000,,map
galaxy-83,2,aj-chau.attempt1,michael-tyl.hqrewrite,HideAndSeek,A,2000,,map-rev
galaxy-83,3,aj-chau.attempt1,michael-tyl.hqrewrite,Spots,B,2000,,map
galaxy-84,1,Yooncw0223.lec3player,Vinceyou1.Player1,Cornucopia,B,2000,,map
galaxy-84,2,Yooncw0223.lec3player,Vinceyou1.Player1,KingdomRush,B,2000,,map-rev
galaxy-84,3,Yooncw0223.lec3player,Vinceyou1.Player1,Pakbot,B,2000,,map
galaxy-85,1,elgoldie.head_v5,britacatalin.FinalBot,Cube,B,2000,,map
galaxy-85,2,elgoldie.head_v5,britacatalin.FinalBot,Divergence,B,2000,,map-rev
galaxy-85,3,elgoldie.head_v5,britacatalin.FinalBot,MassiveL,B,2000,,map
galaxy-86,1,TheK098.qp1_7_sprint_1,louishu17.louisv10,Barcode,A,2000,,map
galaxy-86,2,TheK098.qp1_7_sprint_1,louishu17.louisv10,Elephant,B,1907,,map-rev
galaxy-86,3,TheK098.qp1_7_sprint_1,louishu17.louisv10,LookingGlass,A,2000,,map
galaxy-87,1,michael-tyl.hqrewrite,Vinceyou1.Player1,Pillars,A,2000,,map
galaxy-87,2,michael-tyl.hqrewrite,Vinceyou1.Player1,Quiet,B,2000,,map-rev
galaxy-87,3,michael-tyl.hqrewrite,Vinceyou1.Player1,Spin,A,2000,,map
galaxy-88,1,DannyZhang686.pqual2,Patela171.Battlecode2023_Robot,Checkmate2,A,1292,,map
galaxy-88,2,DannyZhang686.pqual2,Patela171.Battlecode2023_Robot,Crossword,A,923,,map-rev
galaxy-88,3,DannyZhang686.pqual2,Patela171.Battlecode2023_Robot,RockWall,A,1348,,map
galaxy-89,1,Nawlej.PoonPoonv3,vrangr1.AFinalsBot,Buggy,B,700,,map
galaxy-89,2,Nawlej.PoonPoonv3,vrangr1.AFinalsBot,Minefield,B,2000,,map-rev
galaxy-89,3,Nawlej.PoonPoonv3,vrangr1.AFinalsBot,Risk,B,636,,map
galaxy-90,1,Yooncw0223.lec3player,anicolao.submission,Frog,B,1784,,map
galaxy-90,2,Yooncw0223.lec3player,anicolao.submission,Hah,B,2000,,map-rev
galaxy-90,3,Yooncw0223.lec3player,anicolao.submission,Heart,B,2000,,map
galaxy-91,1,addiesteward.elicompbot,GabeG888.v8,Lantern,B,719,,map
galaxy-91,2,addiesteward.elicompbot,GabeG888.v8,LightWork,B,631,,map-rev
galaxy-91,3,addiesteward.elicompbot,GabeG888.v8,Rectangle,B,490,,map
galaxy-92,1,ax-95174.MPAction,andrewgopher.gopherbot,Eyelands,B,351,,map
galaxy-92,2,ax-95174.MPAction,andrewgopher.gopherbot,PipesAndParabolas,B,2000,,map-rev
galaxy-92,3,ax-95174.MPAction,andrewgopher.gopherbot,VeryReasonable,B,1115,,map
galaxy-93,1,louishu17.louisv10,JackLee9355.jackPlayer,Contraction,A,1687,,map
galaxy-93,2,louishu17.louisv10,JackLee9355.jackPlayer,Diagonal,A,1598,,map-rev
galaxy-93,3,louishu17.louisv10,JackLee9355.jackPlayer,Grapes,A,2000,,map
galaxy-94,1,toyat522.bot5,georgezhang02.CB_tuning2,IslandHoppingTwo,B,2000,,map
galaxy-94,2,toyat522.bot5,georgezhang02.CB_tuning2,LightWork,B,2000,,map-rev
galaxy-94,3,toyat522.bot5,georgezhang02.CB_tuning2,Pathfind,B,616,,map
galaxy-95,1,addiesteward.NDeClaw,DukeBas._main,Cee,B,2000,,map
galaxy-95,2,addiesteward.NDeClaw,DukeBas._main,Cube,B,1713,,map-rev
galaxy-95,3,addiesteward.NDeClaw,DukeBas._main,Heart,B,2000,,map
galaxy-96,1,SteamBlizzard.Block,SteamBlizzard.newVnewME,Barcode,B,2000,,map
galaxy-96,2,SteamBlizzard.Block,SteamBlizzard.newVnewME,Repetition,B,1121,,map-rev
galaxy-96,3,SteamBlizzard.Block,SteamBlizzard.newVnewME,ReverseFunnel,B,591,,map
galaxy-97,1,Chahat08.lazarus,team-remember-to-hydrate.sprint_1,Cat,B,2000,,map
galaxy-97,2,Chahat08.lazarus,team-remember-to-hydrate.sprint_1,Tacocat,B,2000,,map-rev
galaxy-97,3,Chahat08.lazarus,team-remember-to-hydrate.sprint_1,TimesUp,B,2000,,map
galaxy-98,1,ipince.bobby,BrysonJGalapon.aloha,Jail,A,2000,,map
galaxy-98,2,ipince.bobby,BrysonJGalapon.aloha,Movepls,A,497,,map-rev
galaxy-98,3,ipince.bobby,BrysonJGalapon.aloha,River,B,2000,,map
galaxy-99,1,BrysonJGalapon.aloha,addiesteward.NDeClaw,BattleSuns,A,1195,,map
galaxy-99,2,BrysonJGalapon.aloha,addiesteward.NDeClaw,Cornucopia,A,672,,map-rev
galaxy-99,3,BrysonJGalapon.aloha,addiesteward.NDeClaw,RaceToTheTop,A,902,,map
galaxy-100,1,michael-tyl.cc_v0_5_0_6,kevinli405.maggi3,AllElements,B,704,,map
galaxy-100,2,michael-tyl.cc_v0_5_0_6,kevinli405.maggi3,RaceToTheTop,B,1673,,map-rev
galaxy-100,3,michael-tyl.cc_v0_5_0_6,kevinli405.maggi3,Repetition,B,1043,,map
galaxy-101,1,beaverbois.USQualifiers,SteamBlizzard.newVnewME,Elephant,B,356,,map
galaxy-101,2,beaverbois.USQualifiers,SteamBlizzard.newVnewME,Star,A,424,,map-rev
galaxy-101,3,beaverbois.USQualifiers,SteamBlizzard.newVnewME,TreasureMap,A,957,,map
galaxy-102,1,BrysonJGalapon.friday,ColtG5.rexv9,Elephant,A,968,,map
galaxy-102,2,BrysonJGalapon.friday,ColtG5.rexv9,Grievance,B,1471,,map-rev
galaxy-102,3,BrysonJGalapon.friday,ColtG5.rexv9,IslandHoppingTwo,B,2000,,map
galaxy-103,1,jyorkio.elicompbot,ipince.bobby_v2,Clown,A,69,,map
galaxy-103,2,jyorkio.elicompbot,ipince.bobby_v2,PairedProgramming,B,1543,,map-rev
galaxy-103,3,jyorkio.elicompbot,ipince.bobby_v2,Quiet,B,630,,map
galaxy-104,1,SteamBlizzard.newVnewME,DannyZhang686.pqual2,Pathfind,B,943,,map
galaxy-104,2,SteamBlizzard.newVnewME,DannyZhang686.pqual2,Quiet,B,817,,map-rev
galaxy-104,3,SteamBlizzard.newVnewME,DannyZhang686.pqual2,TimesUp,B,1378,,map
galaxy-105,1,andrewgopher.gopherbot1,nail-e.Dante,Frog,A,359,,map
galaxy-105,2,andrewgopher.gopherbot1,nail-e.Dante,Resign,A,319,,map-rev
galaxy-105,3,andrewgopher.gopherbot1,nail-e.Dante,Zig,A,1518,,map
galaxy-106,1,IvanGeffner.fortytwo,us:g_iter0,AllElements,A,683,,map
galaxy-106,2,IvanGeffner.fortytwo,us:g_iter0,HideAndSeek,A,1503,,map-rev
galaxy-106,3,IvanGeffner.fortytwo,us:g_iter0,River,A,633,,map
galaxy-107,1,VarunVejalla.karel,awesomelemonade.finalBot,BattleSuns,B,1735,,map
galaxy-107,2,VarunVejalla.karel,awesomelemonade.finalBot,Checkmate2,B,868,,map-rev
galaxy-107,3,VarunVejalla.karel,awesomelemonade.finalBot,Lines,B,1695,,map
galaxy-108,1,JackLee9355.jackPlayer,ipince.bobby_v2,Elephant,A,2000,,map
galaxy-108,2,JackLee9355.jackPlayer,ipince.bobby_v2,FourNations,A,2000,,map-rev
galaxy-108,3,JackLee9355.jackPlayer,ipince.bobby_v2,Zig,B,2000,,map
galaxy-109,1,SteamBlizzard.Block,battlecode-archive.Sprint1,HideAndSeek,B,1462,,map
galaxy-109,2,SteamBlizzard.Block,battlecode-archive.Sprint1,Maze,B,746,,map-rev
galaxy-109,3,SteamBlizzard.Block,battlecode-archive.Sprint1,Pathfind,B,874,,map
galaxy-110,1,toyat522.bot5,NolanChai.nolan_1,FourNations,A,2000,,map
galaxy-110,2,toyat522.bot5,NolanChai.nolan_1,Marsh,A,2000,,map-rev
galaxy-110,3,toyat522.bot5,NolanChai.nolan_1,Sneaky,B,1281,,map
galaxy-111,1,DannyZhang686.pqual2,legobridge.tacoplayer,Flower,A,906,,map
galaxy-111,2,DannyZhang686.pqual2,legobridge.tacoplayer,Piglets,A,891,,map-rev
galaxy-111,3,DannyZhang686.pqual2,legobridge.tacoplayer,PipesAndParabolas,A,933,,map
galaxy-112,1,VarunVejalla.karel,GabeG888.v8,Dreamy,B,2000,,map
galaxy-112,2,VarunVejalla.karel,GabeG888.v8,FishCake,A,824,,map-rev
galaxy-112,3,VarunVejalla.karel,GabeG888.v8,RaceToTheTop,B,2000,,map
galaxy-113,1,georgezhang02.CB_tuning2,ethanlabelle.dev,BattleSuns,B,1305,,map
galaxy-113,2,georgezhang02.CB_tuning2,ethanlabelle.dev,Cave,B,2000,,map-rev
galaxy-113,3,georgezhang02.CB_tuning2,ethanlabelle.dev,FourNations,B,487,,map
galaxy-114,1,SDainard-PDX.Team_Player,VarunVejalla.ali8,Cornucopia,B,1720,,map
galaxy-114,2,SDainard-PDX.Team_Player,VarunVejalla.ali8,Squares,B,2000,,map-rev
galaxy-114,3,SDainard-PDX.Team_Player,VarunVejalla.ali8,Turtle,B,922,,map
galaxy-115,1,mama4294.currentPlayer,PSUtblock.sprint_four_player,FishCake,A,1177,,map
galaxy-115,2,mama4294.currentPlayer,PSUtblock.sprint_four_player,Lantern,A,2000,,map-rev
galaxy-115,3,mama4294.currentPlayer,PSUtblock.sprint_four_player,Pillars,B,2000,,map
galaxy-116,1,jmerle.camel_case_v30_final,reeceyang.v5anaconda,Pit,A,510,,map
galaxy-116,2,jmerle.camel_case_v30_final,reeceyang.v5anaconda,Pizza,A,544,,map-rev
galaxy-116,3,jmerle.camel_case_v30_final,reeceyang.v5anaconda,Rewind,A,975,,map
galaxy-117,1,ipince.bobby_v2,JackLee9355.jackPlayer,Pakbot,A,1531,,map
galaxy-117,2,ipince.bobby_v2,JackLee9355.jackPlayer,SomethingFishy,B,2000,,map-rev
galaxy-117,3,ipince.bobby_v2,JackLee9355.jackPlayer,Spiderweb,B,2000,,map
galaxy-118,1,JackLee9355.jackPlayer,VarunVejalla.ali8,Forest,B,1400,,map
galaxy-118,2,JackLee9355.jackPlayer,VarunVejalla.ali8,Marsh,A,2000,,map-rev
galaxy-118,3,JackLee9355.jackPlayer,VarunVejalla.ali8,Pathfind,B,622,,map
galaxy-119,1,polyllc.poly,NolanChai.nolan_1,Lines,A,1358,,map
galaxy-119,2,polyllc.poly,NolanChai.nolan_1,Rainbow,A,2000,,map-rev
galaxy-119,3,polyllc.poly,NolanChai.nolan_1,Spiderweb,A,2000,,map
galaxy-120,1,pranayagra.finalbotfinal,DannyZhang686.pqual2,BowAndArrow,A,620,,map
galaxy-120,2,pranayagra.finalbotfinal,DannyZhang686.pqual2,Spin,A,648,,map-rev
galaxy-120,3,pranayagra.finalbotfinal,DannyZhang686.pqual2,Spots,A,581,,map
galaxy-121,1,battlecode-archive.sprintBot,TheK098.qp1_7_sprint_1,SomethingFishy,A,1868,,map
galaxy-121,2,battlecode-archive.sprintBot,TheK098.qp1_7_sprint_1,Squares,A,2000,,map-rev
galaxy-121,3,battlecode-archive.sprintBot,TheK098.qp1_7_sprint_1,Target,A,2000,,map
galaxy-122,1,andrewkbank.First,ShatterXD.SRNNbot,ReverseFunnel,B,2000,,map
galaxy-122,2,andrewkbank.First,ShatterXD.SRNNbot,TimesUp,B,2000,,map-rev
galaxy-122,3,andrewkbank.First,ShatterXD.SRNNbot,TreasureMap,B,2000,,map
galaxy-123,1,beaverbois.USQualifiers,Patela171.Battlecode2023_Robot,FishCake,B,2000,,map
galaxy-123,2,beaverbois.USQualifiers,Patela171.Battlecode2023_Robot,Risk,A,2000,,map-rev
galaxy-123,3,beaverbois.USQualifiers,Patela171.Battlecode2023_Robot,Squares,A,2000,,map
galaxy-124,1,georgezhang02.FB_ZZZ,SampleProvider.SPAARK,Hah,A,800,,map
galaxy-124,2,georgezhang02.FB_ZZZ,SampleProvider.SPAARK,PairedProgramming,A,863,,map-rev
galaxy-124,3,georgezhang02.FB_ZZZ,SampleProvider.SPAARK,Repetition,A,1816,,map
galaxy-125,1,toyat522.bot5,SDainard-PDX.Team_Player,HideAndSeek,B,2000,,map
galaxy-125,2,toyat522.bot5,SDainard-PDX.Team_Player,Movepls,B,2000,,map-rev
galaxy-125,3,toyat522.bot5,SDainard-PDX.Team_Player,SweetDreams,B,2000,,map
galaxy-126,1,pranayagra.finalbotfinaltwo,SteamBlizzard.newVnewME,Movepls,A,521,,map
galaxy-126,2,pranayagra.finalbotfinaltwo,SteamBlizzard.newVnewME,PairedProgramming,A,608,,map-rev
galaxy-126,3,pranayagra.finalbotfinaltwo,SteamBlizzard.newVnewME,Star,A,518,,map
galaxy-127,1,IvanGeffner.fortytwo,us:g_iter0,ExtremelyMid,A,959,,map
galaxy-127,2,IvanGeffner.fortytwo,us:g_iter0,Jail,A,1191,,map-rev
galaxy-127,3,IvanGeffner.fortytwo,us:g_iter0,Rectangle,A,662,,map
galaxy-128,1,DukeBas._main,bewuwy.deathbot4,Grievance,B,2000,,map
galaxy-128,2,DukeBas._main,bewuwy.deathbot4,Hah,A,1164,,map-rev
galaxy-128,3,DukeBas._main,bewuwy.deathbot4,Swooshy,A,2000,,map
galaxy-129,1,ax-95174.MPAction,monmouth-college-cs.elicompbot,Elephant,A,2000,,map
galaxy-129,2,ax-95174.MPAction,monmouth-college-cs.elicompbot,LightWork,A,2000,,map-rev
galaxy-129,3,ax-95174.MPAction,monmouth-college-cs.elicompbot,MassiveL,A,2000,,map
galaxy-130,1,michael-tyl.hqrewrite,VarunVejalla.ali8,Risk,B,1183,,map
galaxy-130,2,michael-tyl.hqrewrite,VarunVejalla.ali8,Sneaky,B,1704,,map-rev
galaxy-130,3,michael-tyl.hqrewrite,VarunVejalla.ali8,Star,A,2000,,map
galaxy-131,1,JfeMak.realplayer2,addiesteward.NDeClaw,BatSignal,A,864,,map
galaxy-131,2,JfeMak.realplayer2,addiesteward.NDeClaw,MassiveL,A,1059,,map-rev
galaxy-131,3,JfeMak.realplayer2,addiesteward.NDeClaw,Pathfind,A,1054,,map
galaxy-132,1,AnOvercookedFork.quals,kevinli405.maggi3_2,IslandHopping,A,958,,map
galaxy-132,2,AnOvercookedFork.quals,kevinli405.maggi3_2,TicTacToe,A,801,,map-rev
galaxy-132,3,AnOvercookedFork.quals,kevinli405.maggi3_2,VeryReasonable,A,1637,,map
galaxy-133,1,programjames.fourthbot,Nawlej.PoonPoon,Fractured,A,1192,,map
galaxy-133,2,programjames.fourthbot,Nawlej.PoonPoon,Rectangle,A,339,,map-rev
galaxy-133,3,programjames.fourthbot,Nawlej.PoonPoon,Rewind,A,1115,,map
galaxy-134,1,IvanGeffner.fortytwo,us:g_iter0,IslandHoppingTwo,A,2000,,map
galaxy-134,2,IvanGeffner.fortytwo,us:g_iter0,Orbit,A,940,,map-rev
galaxy-134,3,IvanGeffner.fortytwo,us:g_iter0,TimesUp,A,911,,map
galaxy-135,1,bewuwy.deathbot4,CyrilSharma.finalBot,BuildSite,B,1336,,map
galaxy-135,2,bewuwy.deathbot4,CyrilSharma.finalBot,Piglets,B,1024,,map-rev
galaxy-135,3,bewuwy.deathbot4,CyrilSharma.finalBot,Rectangle,B,689,,map
galaxy-136,1,SteamBlizzard.Block,NolanChai.nolan_1,Barcode,A,2000,,map
galaxy-136,2,SteamBlizzard.Block,NolanChai.nolan_1,Frog,B,2000,,map-rev
galaxy-136,3,SteamBlizzard.Block,NolanChai.nolan_1,TicTacToe,B,2000,,map
galaxy-137,1,BrysonJGalapon.aloha,bewuwy.deathbot4,Dreamy,A,1362,,map
galaxy-137,2,BrysonJGalapon.aloha,bewuwy.deathbot4,Rectangle,B,445,,map-rev
galaxy-137,3,BrysonJGalapon.aloha,bewuwy.deathbot4,USA,B,850,,map
galaxy-138,1,PSUtblock.sprint_four_player,TheK098.qp1_7_sprint_1,AbsoluteW,B,2000,,map
galaxy-138,2,PSUtblock.sprint_four_player,TheK098.qp1_7_sprint_1,IslandHopping,B,2000,,map-rev
galaxy-138,3,PSUtblock.sprint_four_player,TheK098.qp1_7_sprint_1,PairedProgramming,B,1709,,map
galaxy-139,1,anicolao.submission,JfeMak.realplayer2,Pit,A,1952,,map
galaxy-139,2,anicolao.submission,JfeMak.realplayer2,Quiet,A,935,,map-rev
galaxy-139,3,anicolao.submission,JfeMak.realplayer2,Spin,A,2000,,map
galaxy-140,1,NicholasKelly15.gopher10,CodeClash-ai.mysubmission,Cube,A,2000,,map
galaxy-140,2,NicholasKelly15.gopher10,CodeClash-ai.mysubmission,ReverseFunnel,A,2000,,map-rev
galaxy-140,3,NicholasKelly15.gopher10,CodeClash-ai.mysubmission,USA,A,2000,,map
galaxy-141,1,battlecode-archive.Sprint1,JackLee9355.jackPlayer,Jail,A,2000,,map
galaxy-141,2,battlecode-archive.Sprint1,JackLee9355.jackPlayer,Potions,A,2000,,map-rev
galaxy-141,3,battlecode-archive.Sprint1,JackLee9355.jackPlayer,Scatter,A,623,,map
galaxy-142,1,jmerle.camel_case_v30_final,toyat522.bot5a,Cat,A,1107,,map
galaxy-142,2,jmerle.camel_case_v30_final,toyat522.bot5a,Contraction,A,805,,map-rev
galaxy-142,3,jmerle.camel_case_v30_final,toyat522.bot5a,Grievance,B,1043,,map
galaxy-143,1,IvanGeffner.fortytwo,pranayagra.finalbotfinal,BuildSite,B,629,,map
galaxy-143,2,IvanGeffner.fortytwo,pranayagra.finalbotfinal,LookingGlass,A,2000,,map-rev
galaxy-143,3,IvanGeffner.fortytwo,pranayagra.finalbotfinal,VeryReasonable,B,506,,map
galaxy-144,1,SteamBlizzard.Block,polyllc.poly,Cornucopia,B,2000,,map
galaxy-144,2,SteamBlizzard.Block,polyllc.poly,IslandHoppingTwo,B,2000,,map-rev
galaxy-144,3,SteamBlizzard.Block,polyllc.poly,VeryReasonable,B,2000,,map
galaxy-145,1,andrewgopher.gopherbot1,ShatterXD.SRNNbot,Pakbot,A,2000,,map
galaxy-145,2,andrewgopher.gopherbot1,ShatterXD.SRNNbot,PipesAndParabolas,A,2000,,map-rev
galaxy-145,3,andrewgopher.gopherbot1,ShatterXD.SRNNbot,TreasureMap,A,2000,,map
galaxy-146,1,SampleProvider.SPAARK,ShatterXD.SRNNbot,Elephant,A,794,,map
galaxy-146,2,SampleProvider.SPAARK,ShatterXD.SRNNbot,PipesAndParabolas,A,1282,,map-rev
galaxy-146,3,SampleProvider.SPAARK,ShatterXD.SRNNbot,ThirtyFive,A,2000,,map
galaxy-147,1,jmerle.camel_case_v30_final,louishu17.louisv10,Cee,A,1267,,map
galaxy-147,2,jmerle.camel_case_v30_final,louishu17.louisv10,Hah,A,1676,,map-rev
galaxy-147,3,jmerle.camel_case_v30_final,louishu17.louisv10,Sus,A,695,,map
galaxy-148,1,kevinli405.maggi3_2,CodeClash-ai.mysubmission,Buggy,A,503,,map
galaxy-148,2,kevinli405.maggi3_2,CodeClash-ai.mysubmission,Cat,A,877,,map-rev
galaxy-148,3,kevinli405.maggi3_2,CodeClash-ai.mysubmission,Cornucopia,A,663,,map
galaxy-149,1,ethanlabelle.v19,britacatalin.FinalBot,Sine,A,502,,map
galaxy-149,2,ethanlabelle.v19,britacatalin.FinalBot,Sneaky,B,2000,,map-rev
galaxy-149,3,ethanlabelle.v19,britacatalin.FinalBot,Tightrope,B,2000,,map
galaxy-150,1,addiesteward.NDeClaw,Yooncw0223.lec3player,Pizza,A,2000,,map
galaxy-150,2,addiesteward.NDeClaw,Yooncw0223.lec3player,Sneaky,A,2000,,map-rev
galaxy-150,3,addiesteward.NDeClaw,Yooncw0223.lec3player,TicTacToe,A,2000,,map
galaxy-151,1,andrewkbank.First,nail-e.Dante,Contraction,B,2000,,map
galaxy-151,2,andrewkbank.First,nail-e.Dante,Star,B,2000,,map-rev
galaxy-151,3,andrewkbank.First,nail-e.Dante,Target,B,2000,,map
galaxy-152,1,team-remember-to-hydrate.sprint_1,kevinli405.maggi3_2,Quiet,B,342,,map
galaxy-152,2,team-remember-to-hydrate.sprint_1,kevinli405.maggi3_2,Rainbow,B,2000,,map-rev
galaxy-152,3,team-remember-to-hydrate.sprint_1,kevinli405.maggi3_2,USA,B,1323,,map
galaxy-153,1,DannyZhang686.pqual2,SteamBlizzard.Block,ArtistRendition,A,899,,map
galaxy-153,2,DannyZhang686.pqual2,SteamBlizzard.Block,Snowflake,A,839,,map-rev
galaxy-153,3,DannyZhang686.pqual2,SteamBlizzard.Block,TimesUp,A,1094,,map
galaxy-154,1,michael-tyl.hqrewrite,battlecode-archive.Sprint1,FishCake,B,798,,map
galaxy-154,2,michael-tyl.hqrewrite,battlecode-archive.Sprint1,Scatter,B,670,,map-rev
galaxy-154,3,michael-tyl.hqrewrite,battlecode-archive.Sprint1,maptestsmall,B,624,,map
galaxy-155,1,pranayagra.finalbotfinal,DannyZhang686.pqual2,Frog,A,537,,map
galaxy-155,2,pranayagra.finalbotfinal,DannyZhang686.pqual2,Pakbot,A,550,,map-rev
galaxy-155,3,pranayagra.finalbotfinal,DannyZhang686.pqual2,SweetDreams,A,1796,,map
galaxy-156,1,polyllc.poly,pranayagra.finalbotfinaltwo,MoonPhases,B,568,,map
galaxy-156,2,polyllc.poly,pranayagra.finalbotfinaltwo,Spiral,A,1096,,map-rev
galaxy-156,3,polyllc.poly,pranayagra.finalbotfinaltwo,Target,B,1718,,map
galaxy-157,1,us:g_iter0,pranayagra.finalbotfinal,ArtistRendition,A,283,,map
galaxy-157,2,us:g_iter0,pranayagra.finalbotfinal,Cornucopia,B,889,,map-rev
galaxy-157,3,us:g_iter0,pranayagra.finalbotfinal,Repetition,B,2000,,map
galaxy-158,1,SteamBlizzard.Block,michael-tyl.hqrewrite,BattleSuns,A,2000,,map
galaxy-158,2,SteamBlizzard.Block,michael-tyl.hqrewrite,Crossword,A,2000,,map-rev
galaxy-158,3,SteamBlizzard.Block,michael-tyl.hqrewrite,Dreamy,A,2000,,map
galaxy-159,1,anicolao.submission,bewuwy.deathbot4,Cave,B,2000,,map
galaxy-159,2,anicolao.submission,bewuwy.deathbot4,Grapes,B,2000,,map-rev
galaxy-159,3,anicolao.submission,bewuwy.deathbot4,River,B,2000,,map
galaxy-160,1,kevinli405.maggi3,addiesteward.elicompbot,FishCake,A,2000,,map
galaxy-160,2,kevinli405.maggi3,addiesteward.elicompbot,Frog,A,469,,map-rev
galaxy-160,3,kevinli405.maggi3,addiesteward.elicompbot,Pakbot,B,2000,,map
galaxy-161,1,anicolao.jumbled,michael-tyl.cc_v0_5_0_6,Contraction,B,2000,,map
galaxy-161,2,anicolao.jumbled,michael-tyl.cc_v0_5_0_6,Lantern,B,2000,,map-rev
galaxy-161,3,anicolao.jumbled,michael-tyl.cc_v0_5_0_6,Scatter,B,2000,,map
galaxy-162,1,Vinceyou1.Player1,vontell.regressiongames,KingdomRush,B,2000,,map
galaxy-162,2,Vinceyou1.Player1,vontell.regressiongames,RockWall,B,2000,,map-rev
galaxy-162,3,Vinceyou1.Player1,vontell.regressiongames,Sun,B,1809,,map
