# Field entrants on the galaxy replica (tools/galaxy/field.py plan). team = galaxy team name (<= 32 printable ASCII); user = its user; source = the package directory in the repo (".": the repo root); mode = zip contents (package | root: the whole source root).
entrant	team	user	package	repo	source	mode
AnOvercookedFork.quals	AnOvercookedFork.quals	AnOvercookedFork.quals	quals	AnOvercookedFork_battlecode23	src/quals	package
BrysonJGalapon.aloha	BrysonJGalapon.aloha	BrysonJGalapon.aloha	aloha	BrysonJGalapon_Battlecode2023	src/aloha	package
BrysonJGalapon.friday	BrysonJGalapon.friday	BrysonJGalapon.friday	friday	BrysonJGalapon_Battlecode2023	src/friday	package
Chahat08.lazarus	Chahat08.lazarus	Chahat08.lazarus	lazarus	Chahat08_battlecode23	src/lazarus	package
Chahat08.toph	Chahat08.toph	Chahat08.toph	toph	Chahat08_battlecode23	src/toph	package
CodeClash-ai.mysubmission	CodeClash-ai.mysubmission	CodeClash-ai.mysubmission	mysubmission	CodeClash-ai_BattleCode2023	src/mysubmission	package
ColtG5.rexv9	ColtG5.rexv9	ColtG5.rexv9	rexv9	ColtG5_battlecode2023	src/rexv9	package
CyrilSharma.finalBot	CyrilSharma.finalBot	CyrilSharma.finalBot	finalBot	CyrilSharma_BC23	src/finalBot	package
DannyZhang686.pqual2	DannyZhang686.pqual2	DannyZhang686.pqual2	pqual2	DannyZhang686_battlecode23	src/pqual2	package
DukeBas._main	DukeBas._main	DukeBas._main	_main	DukeBas_Battlecode2023	src/_main	root
GabeG888.v8	GabeG888.v8	GabeG888.v8	v8	GabeG888_battlecode2023	v8	package
GabeG888.v8o1	GabeG888.v8o1	GabeG888.v8o1	v8o1	GabeG888_battlecode2023	v8o1	package
IvanGeffner.fortytwo	IvanGeffner.fortytwo	IvanGeffner.fortytwo	fortytwo	IvanGeffner_Battlecode23	fortytwo	package
JackLee9355.jackPlayer	JackLee9355.jackPlayer	JackLee9355.jackPlayer	jackPlayer	JackLee9355_J.A.C.K.BattleCode	src/jackPlayer	package
JfeMak.realplayer2	JfeMak.realplayer2	JfeMak.realplayer2	realplayer2	JfeMak_BattleCode2023	.	package
Juanbri02.matfisplayer1	Juanbri02.matfisplayer1	Juanbri02.matfisplayer1	matfisplayer1	Juanbri02_matfis-battlecode	src/matfisplayer1	package
Nawlej.PoonPoon	Nawlej.PoonPoon	Nawlej.PoonPoon	PoonPoon	Nawlej_MIT-Battlecode-2023	src/PoonPoon	package
Nawlej.PoonPoonv3	Nawlej.PoonPoonv3	Nawlej.PoonPoonv3	PoonPoonv3	Nawlej_MIT-Battlecode-2023	src/PoonPoonv3	package
NicholasKelly15.gopher10	NicholasKelly15.gopher10	NicholasKelly15.gopher10	gopher10	NicholasKelly15_battlecode23	src/gopher10	package
NolanChai.nolan_1	NolanChai.nolan_1	NolanChai.nolan_1	nolan_1	NolanChai_battlecode2023	src/nolan_1	package
NotLLeon.player	NotLLeon.player	NotLLeon.player	player	NotLLeon_battlecode23	src/player	package
NotLLeon.v7	NotLLeon.v7	NotLLeon.v7	v7	NotLLeon_battlecode23	src/v7	package
PSUtblock.sprint_four_player	PSUtblock.sprint_four_player	PSUtblock.sprint_four_player	sprint_four_player	PSUtblock_BattleCodeTeam1Winter2024	src/sprint_four_player	package
Patela171.Battlecode2023_Robot	Patela171.Battlecode2023_Robot	Patela171.Battlecode2023_Robot	Battlecode2023_Robot	Patela171_Battlecode2023	src/Battlecode2023_Robot	package
SDainard-PDX.Team_Player	SDainard-PDX.Team_Player	SDainard-PDX.Team_Player	Team_Player	SDainard-PDX_Battlecode_Team2_W24	src/Team_Player	package
SampleProvider.SPAARK	SampleProvider.SPAARK	SampleProvider.SPAARK	SPAARK	SampleProvider_battlecode23	src/SPAARK	package
SampleProvider.SPAARK_1_12_2023	SampleProvider.SPAARK_1_12_2023	SampleProvider.SPAARK_1_12_2023	SPAARK_1_12_2023	SampleProvider_battlecode23	src/SPAARK_1_12_2023	package
ShatterXD.SRNNbot	ShatterXD.SRNNbot	ShatterXD.SRNNbot	SRNNbot	ShatterXD_BattlecodeSRNNbot	src/SRNNbot	package
SteamBlizzard.Block	SteamBlizzard.Block	SteamBlizzard.Block	Block	SteamBlizzard_Battlecode-2023	src/Block	package
SteamBlizzard.newVnewME	SteamBlizzard.newVnewME	SteamBlizzard.newVnewME	newVnewME	SteamBlizzard_Battlecode-2023	src/newVnewME	package
Swordman51.AdeptusAstartes2	Swordman51.AdeptusAstartes2	Swordman51.AdeptusAstartes2	AdeptusAstartes2	Swordman51_battlecode23-scaffold	src/AdeptusAstartes2	package
TheK098.qp1_7_sprint_1	TheK098.qp1_7_sprint_1	TheK098.qp1_7_sprint_1	qp1_7_sprint_1	TheK098_Battlecode2023	src/qp1_7_sprint_1	package
VarunVejalla.ali8	VarunVejalla.ali8	VarunVejalla.ali8	ali8	VarunVejalla_Battlecode2023	src/ali8	package
VarunVejalla.karel	VarunVejalla.karel	VarunVejalla.karel	karel	VarunVejalla_Battlecode2023	src/karel	package
Vinceyou1.Player1	Vinceyou1.Player1	Vinceyou1.Player1	Player1	Vinceyou1_BattleCode2023	src/Player1	package
Yooncw0223.lec3player	Yooncw0223.lec3player	Yooncw0223.lec3player	lec3player	Yooncw0223_battlecode_23_copy	src/lec3player	package
addiesteward.NDeClaw	addiesteward.NDeClaw	addiesteward.NDeClaw	NDeClaw	addiesteward_c240-battlecode23	src/NDeClaw	package
addiesteward.elicompbot	addiesteward.elicompbot	addiesteward.elicompbot	elicompbot	addiesteward_c240-battlecode23	src/elicompbot	package
aj-chau.attempt1	aj-chau.attempt1	aj-chau.attempt1	attempt1	aj-chau_btlcode	battlecode23-scaffold-main/src/attempt1	package
andrewgopher.gopherbot	andrewgopher.gopherbot	andrewgopher.gopherbot	gopherbot	andrewgopher_battlecode23-scaffold	src/gopherbot	package
andrewgopher.gopherbot1	andrewgopher.gopherbot1	andrewgopher.gopherbot1	gopherbot1	andrewgopher_battlecode23-scaffold	src/gopherbot1	package
andrewkbank.First	andrewkbank.First	andrewkbank.First	First	andrewkbank_bc2023	src/First	package
anicolao.jumbled	anicolao.jumbled	anicolao.jumbled	jumbled	anicolao_battlecode2023	src/java/jumbled	package
anicolao.submission	anicolao.submission	anicolao.submission	submission	anicolao_battlecode2023	src/java/submission	package
awesomelemonade.finalBot	awesomelemonade.finalBot	awesomelemonade.finalBot	finalBot	awesomelemonade_Battlecode2023	src/finalBot	package
ax-95174.MPAction	ax-95174.MPAction	ax-95174.MPAction	MPAction	ax-95174_battlecode2023	src/MPAction	package
battlecode-archive.Sprint1	battlecode-archive.Sprint1	battlecode-archive.Sprint1	Sprint1	battlecode-archive_2023-Meteor	src/Sprint1	package
battlecode-archive.sprintBot	battlecode-archive.sprintBot	battlecode-archive.sprintBot	sprintBot	battlecode-archive_2023-Producing-Perfection	src/sprintBot	package
beaverbois.USQualifiers	beaverbois.USQualifiers	beaverbois.USQualifiers	USQualifiers	beaverbois_battlecode23	src/USQualifiers	package
bewuwy.deathbot4	bewuwy.deathbot4	bewuwy.deathbot4	deathbot4	bewuwy_bc-23	src/deathbot4	package
britacatalin.FinalBot	britacatalin.FinalBot	britacatalin.FinalBot	FinalBot	britacatalin_battlecode2023	src/FinalBot	package
carlguo866.submit26_final	carlguo866.submit26_final	carlguo866.submit26_final	submit26_final	carlguo866_battlecode23-gonefishin	src/submit26_final	package
elgoldie.head_v5	elgoldie.head_v5	elgoldie.head_v5	head_v5	elgoldie_head-battlecode23	src/head_v5	package
ethanlabelle.dev	ethanlabelle.dev	ethanlabelle.dev	dev	ethanlabelle_bruh	src/dev	package
ethanlabelle.v19	ethanlabelle.v19	ethanlabelle.v19	v19	ethanlabelle_bruh	src/v19	package
georgezhang02.CB_tuning2	georgezhang02.CB_tuning2	georgezhang02.CB_tuning2	CB_tuning2	georgezhang02_battlecode23	src/CB_tuning2	package
georgezhang02.FB_ZZZ	georgezhang02.FB_ZZZ	georgezhang02.FB_ZZZ	FB_ZZZ	georgezhang02_battlecode23	src/FB_ZZZ	package
ipince.bobby	ipince.bobby	ipince.bobby	bobby	ipince_battlecode-2023	src/bobby	package
ipince.bobby_v2	ipince.bobby_v2	ipince.bobby_v2	bobby_v2	ipince_battlecode-2023	src/bobby_v2	package
jmerle.camel_case_v30_final	jmerle.camel_case_v30_final	jmerle.camel_case_v30_final	camel_case_v30_final	jmerle_battlecode-2023	src/camel_case_v30_final	package
jyorkio.elicompbot	jyorkio.elicompbot	jyorkio.elicompbot	elicompbot	jyorkio_c240-battlecode23	src/elicompbot	package
kevinli405.maggi3	kevinli405.maggi3	kevinli405.maggi3	maggi3	kevinli405_Battlecode23	src/maggi3	package
kevinli405.maggi3_2	kevinli405.maggi3_2	kevinli405.maggi3_2	maggi3_2	kevinli405_Battlecode23	src/maggi3_2	package
legobridge.kushalplayer	legobridge.kushalplayer	legobridge.kushalplayer	kushalplayer	legobridge_battlecode-2023	src/kushalplayer	package
legobridge.tacoplayer	legobridge.tacoplayer	legobridge.tacoplayer	tacoplayer	legobridge_battlecode-2023	src/tacoplayer	package
louishu17.louisv10	louishu17.louisv10	louishu17.louisv10	louisv10	louishu17_postmodern	src/louisv10	package
louishu17.wouisv8	louishu17.wouisv8	louishu17.wouisv8	wouisv8	louishu17_postmodern	src/wouisv8	package
mama4294.currentPlayer	mama4294.currentPlayer	mama4294.currentPlayer	currentPlayer	mama4294_battlecode23	src/currentPlayer	package
mama4294.learningBot	mama4294.learningBot	mama4294.learningBot	learningBot	mama4294_battlecode23	src/learningBot	package
maxwelljones14.MPWorking	maxwelljones14.MPWorking	maxwelljones14.MPWorking	MPWorking	maxwelljones14_BattleCode2023	src/MPWorking	package
michael-tyl.cc_v0_5_0_6	michael-tyl.cc_v0_5_0_6	michael-tyl.cc_v0_5_0_6	cc_v0_5_0_6	michael-tyl_battlecode-2023	resources/Deprecated/cc_v0_5_0_6	package
michael-tyl.hqrewrite	michael-tyl.hqrewrite	michael-tyl.hqrewrite	hqrewrite	michael-tyl_battlecode-2023	src/hqrewrite	package
monmouth-college-cs.elicompbot	monmouth-college-cs.elicompbot	monmouth-college-cs.elicompbot	elicompbot	monmouth-college-cs_c240-battlecode23	src/elicompbot	package
nail-e.Barry	nail-e.Barry	nail-e.Barry	Barry	nail-e_battlecode-tempest-2023	src/Barry	package
nail-e.Dante	nail-e.Dante	nail-e.Dante	Dante	nail-e_battlecode-tempest-2023	src/Dante	package
polyllc.poly	polyllc.poly	polyllc.poly	poly	polyllc_bc2023	src/poly	package
pranayagra.finalbotfinal	pranayagra.finalbotfinal	pranayagra.finalbotfinal	finalbotfinal	pranayagra_2023-battlecode	src/finalbotfinal	package
pranayagra.finalbotfinaltwo	pranayagra.finalbotfinaltwo	pranayagra.finalbotfinaltwo	finalbotfinaltwo	pranayagra_2023-battlecode	src/finalbotfinaltwo	package
prisms-cs-club.prisms10	prisms-cs-club.prisms10	prisms-cs-club.prisms10	prisms10	prisms-cs-club_battlecode23	src/prisms10	package
programjames.fourthbot	programjames.fourthbot	programjames.fourthbot	fourthbot	programjames_battlecode23	src/fourthbot	package
reeceyang.v5anaconda	reeceyang.v5anaconda	reeceyang.v5anaconda	v5anaconda	reeceyang_battlecode-2023	src/v5anaconda	package
team-remember-to-hydrate.sprint_1	remember-to-hydrate.sprint_1	remember-to-hydrate.sprint_1	sprint_1	team-remember-to-hydrate_battlecode23-team-remember-to-hydrate	src/sprint_1	package
toyat522.bot5	toyat522.bot5	toyat522.bot5	bot5	toyat522_battlecode23	src/bot5	package
toyat522.bot5a	toyat522.bot5a	toyat522.bot5a	bot5a	toyat522_battlecode23	src/bot5a	package
vontell.regressiongames	vontell.regressiongames	vontell.regressiongames	regressiongames	vontell_jubilant-winner	src/regressiongames	package
vrangr1.AFinalsBot	vrangr1.AFinalsBot	vrangr1.AFinalsBot	AFinalsBot	vrangr1_BattleCode2023	src/AFinalsBot	package
yaonam.PoonPoonv4	yaonam.PoonPoonv4	yaonam.PoonPoonv4	PoonPoonv4	yaonam_batttlecode2023	src/PoonPoonv4	package
